Country Name,Country Code,Indicator Name,Indicator Code,1960,1961,1962,1963,1964,1965,1966,1967,1968,1969,1970,1971,1972,1973,1974,1975,1976,1977,1978,1979,1980,1981,1982,1983,1984,1985,1986,1987,1988,1989,1990,1991,1992,1993,1994,1995,1996,1997,1998,1999,2000,2001,2002,2003,2004,2005,2006,2007,2008,2009,2010,2011,2012,2013,2014,2015,2016,2017,2018,2019,2020,2021,2022
Aruba,ABW,"Tasa de alfabetización, total de jóvenes (% de personas entre 15 y 24 años)",SE.ADT.1524.LT.ZS,,,,,,,,,,,,,,,,,,,,,,,,,,,,,,,,,,,,,,,,,99.0264129638672,,,,,,,,,,99.1384124755859,,,,,,,,,,99.5199966430664,,
,AFE,"Tasa de alfabetización, total de jóvenes (% de personas entre 15 y 24 años)",SE.ADT.1524.LT.ZS,,,,,,,,,,,,,,,,,,,,,,,,,,,,69.3504333496094,69.632682800293,70.1606521606445,70.6867828369141,70.7127304077148,70.2709121704102,70.3367767333984,70.3471832275391,70.6878280639648,70.8487167358398,71.1498565673828,70.4052124023438,71.2604293823242,71.3045883178711,71.4994201660156,73.2587203979492,73.59716796875,74.7098999023438,72.9349899291992,71.0184936523438,72.0632781982422,72.5775527954102,73.1475524902344,74.4617919921875,77.0632095336914,78.8458404541016,79.8282623291016,80.2557220458984,80.6486511230469,81.2534332275391,81.6320190429688,81.9253768920898,82.4619979858398,82.5907211303711,82.7390670776367,82.9689407348633
Afganistán,AFG,"Tasa de alfabetización, total de jóvenes (% de personas entre 15 y 24 años)",SE.ADT.1524.LT.ZS,,,,,,,,,,,,,,,,,,,,30.0663509368896,,,,,,,,,,,,,,,,,,,,,,,,,,,,,,,,46.9900512695312,,,,64.3400039672852,,,,,,55.9294013977051,
,AFW,"Tasa de alfabetización, total de jóvenes (% de personas entre 15 y 24 años)",SE.ADT.1524.LT.ZS,,,,,,,,,,,,,,,,,,,,,,,,,,55.1050109863281,55.4148483276367,56.2103118896484,56.5978317260742,57.3870582580566,58.1180801391602,58.3799285888672,59.5120391845703,60.2980194091797,61.0949287414551,60.6017799377441,61.2665786743164,62.0998497009277,63.3409118652344,63.9621315002441,59.5953102111816,61.0282402038574,61.5093307495117,61.7081985473633,63.105598449707,63.1067314147949,67.4128112792969,62.4050407409668,62.2890281677246,62.5644798278809,62.9203300476074,63.4931106567383,64.3769836425781,65.0385665893555,66.1514205932617,67.1691207885742,67.6226577758789,68.7200164794922,70.955078125,70.7046737670898,70.8871078491211,71.2618789672852,71.5998077392578
Angola,AGO,"Tasa de alfabetización, total de jóvenes (% de personas entre 15 y 24 años)",SE.ADT.1524.LT.ZS,,,,,,,,,,,,,,,,,,,,,,,,,,,,,,,,,,,,,,,,,,72.1944885253906,,,,,,,,,,,,,77.4311294555664,,,,,,,,83.3000030517578
Albania,ALB,"Tasa de alfabetización, total de jóvenes (% de personas entre 15 y 24 años)",SE.ADT.1524.LT.ZS,,,,,,,,,,,,,,,,,,,,,,,,,,,,,,,,,,,,,,,,,,99.4351501464844,,,,,,,98.8312072753906,95.6800003051758,,98.7911911010742,99.2313995361328,,,,,99.5800018310547,,,,,99.5
Andorra,AND,"Tasa de alfabetización, total de jóvenes (% de personas entre 15 y 24 años)",SE.ADT.1524.LT.ZS,,,,,,,,,,,,,,,,,,,,,,,,,,,,,,,,,,,,,,,,,,,,,,,,,,,,,,,,,,,,,,,
El mundo árabe,ARB,"Tasa de alfabetización, total de jóvenes (% de personas entre 15 y 24 años)",SE.ADT.1524.LT.ZS,,,,,,,,,,,,,,,,,,,62.3525390625,62.7365417480469,63.3315391540527,64.0989685058594,64.9351119995117,65.6541519165039,66.8294906616211,67.9787521362305,69.2024765014648,70.0437393188477,71.1256103515625,72.1785430908203,73.3038330078125,74.6322708129883,75.6686477661133,75.388069152832,76.292121887207,77.1407470703125,78.1528396606445,79.0204086303711,79.7754135131836,80.5420379638672,81.1040725708008,82.0580673217773,82.9900131225586,83.8721923828125,84.4855804443359,84.9402770996094,83.4672622680664,84.3970565795898,85.2234191894531,82.7119903564453,83.2021179199219,83.6139984130859,87.6912078857422,85.561637878418,89.2875900268555,85.9741592407227,88.3239212036133,88.9475708007812,85.3237380981445,85.6627502441406,85.9733200073242,86.1630325317383,86.3546524047852
Emiratos Árabes Unidos,ARE,"Tasa de alfabetización, total de jóvenes (% de personas entre 15 y 24 años)",SE.ADT.1524.LT.ZS,,,,,,,,,,,,,,,,63.0476112365723,,,,,,,,,,82.4726409912109,,,,,,,,,,,,,,,,,,,,95.0064468383789,,,,,,,,,,,,,,98.3689498901367,,99.6626663208008,99.6600570678711
Argentina,ARG,"Tasa de alfabetización, total de jóvenes (% de personas entre 15 y 24 años)",SE.ADT.1524.LT.ZS,,,,,,,,,,,,,,,,,,,,,96.8825378417969,,,,,,,,,,,98.3046417236328,,,,,,,,,,98.9166564941406,,,,,,,,,,,,,,,,,,,,,
Armenia,ARM,"Tasa de alfabetización, total de jóvenes (% de personas entre 15 y 24 años)",SE.ADT.1524.LT.ZS,,,,,,,,,,,,,,,,,,,,,,,,,,,,,,99.9099578857422,,,,,,,,,,,100,99.8072814941406,,,,,,,,,,99.8473968505859,,,,,99.8473968505859,99.8470230102539,,,99.8738174438477,,
Samoa Americana,ASM,"Tasa de alfabetización, total de jóvenes (% de personas entre 15 y 24 años)",SE.ADT.1524.LT.ZS,,,,,,,,,,,,,,,,,,,,,97.6542129516602,,,,,,,,,,,,,,,,,,,,,,,,,,,,,,,,,,,,,,,,,,
Antigua y Barbuda,ATG,"Tasa de alfabetización, total de jóvenes (% de personas entre 15 y 24 años)",SE.ADT.1524.LT.ZS,,,,,,,,,,,,,,,,,,,,,,,,,,,,,,,,,,,,,,,,,,,,,,,,,,,,,,,,,,,,,,,
Australia,AUS,"Tasa de alfabetización, total de jóvenes (% de personas entre 15 y 24 años)",SE.ADT.1524.LT.ZS,,,,,,,,,,,,,,,,,,,,,,,,,,,,,,,,,,,,,,,,,,,,,,,,,,,,,,,,,,,,,,,
Austria,AUT,"Tasa de alfabetización, total de jóvenes (% de personas entre 15 y 24 años)",SE.ADT.1524.LT.ZS,,,,,,,,,,,,,,,,,,,,,,,,,,,,,,,,,,,,,,,,,,,,,,,,,,,,,,,,,,,,,,,
Azerbaiyán,AZE,"Tasa de alfabetización, total de jóvenes (% de personas entre 15 y 24 años)",SE.ADT.1524.LT.ZS,,,,,,,,,,,,,,,,,,,,,,,,,,,,,,,,,,,,,,,,99.886100769043,,,,,,,100,99.9891510009766,,99.951301574707,99.9505996704102,99.9440994262695,99.9367523193359,99.9524688720703,99.9569931030273,99.9427795410156,99.9404830932617,99.9380493164062,,99.9339294433594,,,
Burundi,BDI,"Tasa de alfabetización, total de jóvenes (% de personas entre 15 y 24 años)",SE.ADT.1524.LT.ZS,,,,,,,,,,,,,,,,,,,,30.9765892028809,,,,,,,,,,,53.5552101135254,,,,,,,,,,73.3300628662109,,,,,,,,61.7387886047363,,74.4599990844727,,,,79.5596084594727,,,88.2217712402344,,,,,93.5599975585938
Bélgica,BEL,"Tasa de alfabetización, total de jóvenes (% de personas entre 15 y 24 años)",SE.ADT.1524.LT.ZS,,,,,,,,,,,,,,,,,,,,,,,,,,,,,,,,,,,,,,,,,,,,,,,,,,,,,,,,,,,,,,,
Benin,BEN,"Tasa de alfabetización, total de jóvenes (% de personas entre 15 y 24 años)",SE.ADT.1524.LT.ZS,,,,,,,,,,,,,,,,,,,,29.7867393493652,,,,,,,,,,,,,39.8766098022461,,,,,,,,,47.9600028991699,45.3096199035645,,,,42.3627014160156,,,,,,52.4924697875977,,,,,,,,,,66.4000015258789
Burkina Faso,BFA,"Tasa de alfabetización, total de jóvenes (% de personas entre 15 y 24 años)",SE.ADT.1524.LT.ZS,,,,,,,,,,,,,,,,14.3775196075439,,,,,,,,,,,,,,,,20.180290222168,,,,,19.4141502380371,,,,,,,31.2292594909668,,32.9666213989258,32.730598449707,39.2577781677246,,,37.189998626709,,,,50.0962982177734,,,,58.8739814758301,47.0462493896484,,,53.6399993896484
Bangladesh,BGD,"Tasa de alfabetización, total de jóvenes (% de personas entre 15 y 24 años)",SE.ADT.1524.LT.ZS,,,,,,,,,,,,,,,,,,,,,,35.6532516479492,,,,,,,,,,44.6808280944824,,,,,,,,,100,63.622730255127,,,,,,61.8728103637695,,,,77.984992980957,77.8329086303711,85.5271530151367,85.5547332763672,87.8887710571289,92.2426528930664,92.9507598876953,93.2964401245117,94.8624267578125,94.4617767333984,94.8319473266602,
Bulgaria,BGR,"Tasa de alfabetización, total de jóvenes (% de personas entre 15 y 24 años)",SE.ADT.1524.LT.ZS,,,,,,,,,,,,,,,,,,,,,,,,,,,,,,,,,,,,,,,,,,98.2124786376953,,,,,,,,,,97.8650512695312,,,,,,,,,,98.0599975585938,
Bahrein,BHR,"Tasa de alfabetización, total de jóvenes (% de personas entre 15 y 24 años)",SE.ADT.1524.LT.ZS,,,,,,,,,,,,,,,,,,,,,,86.2930908203125,,,,,,,,,,96.9381103515625,,,,,,,,,,97.0247116088867,,,,,,,,,,100,,,,,,,,,,,99.2035293579102
Bahamas,BHS,"Tasa de alfabetización, total de jóvenes (% de personas entre 15 y 24 años)",SE.ADT.1524.LT.ZS,,,,,,,,,,,,,,,,,,,,,,,,,,,,,,,,,,,,,,,,,,,,,,,,,,,,,,,,,,,,,,,
Bosnia y Herzegovina,BIH,"Tasa de alfabetización, total de jóvenes (% de personas entre 15 y 24 años)",SE.ADT.1524.LT.ZS,,,,,,,,,,,,,,,,,,,,,,,,,,,,,,,,99.0199584960938,,,,,,,,,99.7939300537109,,,,,,,,,,,99.4623107910156,,99.6624298095703,,,,,,,,,99.6999969482422
Belarús,BLR,"Tasa de alfabetización, total de jóvenes (% de personas entre 15 y 24 años)",SE.ADT.1524.LT.ZS,,,,,,,,,,,,,,,,,,,,,,,,,,,,,,99.7662811279297,,,,,,,,,,99.7918395996094,,,,,,,,,,99.8232116699219,,,100,,,,,,,99.8728332519531,,,
Belice,BLZ,"Tasa de alfabetización, total de jóvenes (% de personas entre 15 y 24 años)",SE.ADT.1524.LT.ZS,,,,,,,,,,,,,,,,,,,,,,,,,,,,,,,,77.641471862793,,,,,,,,,,87.1999969482422,,,,,,,,,,,,,,,,,,,,,
Bermudas,BMU,"Tasa de alfabetización, total de jóvenes (% de personas entre 15 y 24 años)",SE.ADT.1524.LT.ZS,,,,,,,,,,,,,,,,,,,,,,,,,,,,,,,,,,,,,,,,,,,,,,,,,,,,,,,,,,,,,,,
Bolivia,BOL,"Tasa de alfabetización, total de jóvenes (% de personas entre 15 y 24 años)",SE.ADT.1524.LT.ZS,,,,,,,,,,,,,,,,,83.5519790649414,,,,,,,,,,,,,,,,93.896110534668,,,,,,,,97.3099975585938,97.3600006103516,98.0599975585938,98.2999954223633,99.0899963378906,98.8499984741211,98.4100036621094,99.4400024414062,99.1699981689453,99.379997253418,,99.0100021362305,99.3300018310547,99.3199996948242,99.4400024414062,99.4000015258789,99.4199981689453,99.379997253418,99.5699996948242,99.5299987792969,99.5599975585938,99.5199966430664,
Brasil,BRA,"Tasa de alfabetización, total de jóvenes (% de personas entre 15 y 24 años)",SE.ADT.1524.LT.ZS,,,,,,,,,,,,,,,,,,,,,83.9142684936523,,,,,,,,,,,,,,,,,,,,94.1841125488281,95.8000030517578,96.3099975585938,96.629997253418,96.8099975585938,97.1100006103516,97.5500030517578,97.7799987792969,97.8399963378906,98.0599975585938,97.5141220092773,98.4899978637695,98.620002746582,98.7399978637695,98.8499984741211,98.9599990844727,99.0699996948242,99.1399993896484,99.0400009155273,99.0999984741211,99.2300033569336,99.2799987792969,99.2799987792969
Barbados,BRB,"Tasa de alfabetización, total de jóvenes (% de personas entre 15 y 24 años)",SE.ADT.1524.LT.ZS,,,,,,,,,,,99.7551879882812,,,,,,,,,,99.9000015258789,,,,,,,,,,,,,,,,,,,,,,,,,,,,,,,,100,,,,,,,,,,
Brunei Darussalam,BRN,"Tasa de alfabetización, total de jóvenes (% de personas entre 15 y 24 años)",SE.ADT.1524.LT.ZS,,,,,,,,,,,,,,,,,,,,,,93.6810073852539,,,,,,,,,,98.0956726074219,,,,,,,,,,98.8937911987305,,,,,,,,,,99.3667678833008,,,,,,,99.7089385986328,,,99.7699966430664,
Bhután,BTN,"Tasa de alfabetización, total de jóvenes (% de personas entre 15 y 24 años)",SE.ADT.1524.LT.ZS,,,,,,,,,,,,,,,,,,,,,,,,,,,,,,,,,,,,,,,,,,,,,,74.4052124023438,,,,,,,86.0590133666992,,,,,93.0906295776367,,,,,98
Botswana,BWA,"Tasa de alfabetización, total de jóvenes (% de personas entre 15 y 24 años)",SE.ADT.1524.LT.ZS,,,,,,,,,,,,,,,,,,,,,,,,,,,,,,,,89.25830078125,,,,,,,,,,,,93.9574432373047,,,,,,,,,,97.4562911987305,,,,,,,,,
República Centroafricana,CAF,"Tasa de alfabetización, total de jóvenes (% de personas entre 15 y 24 años)",SE.ADT.1524.LT.ZS,,,,,,,,,,,,,,,,37.0369606018066,,,,,,,,,,,,,48.2023315429688,,,,,,,,,,,,60.8070487976074,,,,,,,,,,36.3562698364258,,,,,,,,38.2686500549316,20.7600002288818,38.3400001525879,,
Canadá,CAN,"Tasa de alfabetización, total de jóvenes (% de personas entre 15 y 24 años)",SE.ADT.1524.LT.ZS,,,,,,,,,,,,,,,,,,,,,,,,,,,,,,,,,,,,,,,,,,,,,,,,,,,,,,,,,,,,,,,
Europa Central y del Báltico,CEB,"Tasa de alfabetización, total de jóvenes (% de personas entre 15 y 24 años)",SE.ADT.1524.LT.ZS,,,,,,,,,,,,,,,,,,,,,,99.4919281005859,99.492317199707,99.4870071411133,99.4890899658203,99.4816131591797,99.4771881103516,99.4743499755859,99.4674072265625,99.4636077880859,99.4580612182617,99.4519119262695,99.4446716308594,99.4428024291992,99.4414215087891,,,,,,,,,,,,,,,,,,,,99.4909286499023,99.5088119506836,99.5282516479492,99.538818359375,99.5467300415039,99.5523910522461,99.5586395263672,99.5630416870117,99.5637817382812
Suiza,CHE,"Tasa de alfabetización, total de jóvenes (% de personas entre 15 y 24 años)",SE.ADT.1524.LT.ZS,,,,,,,,,,,,,,,,,,,,,,,,,,,,,,,,,,,,,,,,,,,,,,,,,,,,,,,,,,,,,,,
Islas del Canal,CHI,"Tasa de alfabetización, total de jóvenes (% de personas entre 15 y 24 años)",SE.ADT.1524.LT.ZS,,,,,,,,,,,,,,,,,,,,,,,,,,,,,,,,,,,,,,,,,,,,,,,,,,,,,,,,,,,,,,,
Chile,CHL,"Tasa de alfabetización, total de jóvenes (% de personas entre 15 y 24 años)",SE.ADT.1524.LT.ZS,,,,,,,,,,,,,,,,,,,,,,,96.6539764404297,,,,,,,,,,98.4279708862305,,,,,,,,99.0999984741211,,98.9909820556641,99.1100006103516,,,99.1100006103516,,,99.370002746582,,99.4100036621094,,99.0699996948242,,99.3600006103516,,99.0199966430664,,,,,99.3099975585938
China,CHN,"Tasa de alfabetización, total de jóvenes (% de personas entre 15 y 24 años)",SE.ADT.1524.LT.ZS,,,,,,,,,,,,,,,,,,,,,,,88.7733383178711,,,,,,,,94.2814712524414,,,,,,,,,,98.8587265014648,,,,,,,,,,99.6422882080078,,,,,,,,,,99.7573318481445,,
Côte d'Ivoire,CIV,"Tasa de alfabetización, total de jóvenes (% de personas entre 15 y 24 años)",SE.ADT.1524.LT.ZS,,,,,,,,,,,,,,,,,,,,,,,,,,,,,48.5084800720215,,,,,,,,,,47.058708190918,,60.7236518859863,,,,,,,,,,,,48.3099594116211,,53.0206909179688,,,,,83.6264724731445,,,
Camerún,CMR,"Tasa de alfabetización, total de jóvenes (% de personas entre 15 y 24 años)",SE.ADT.1524.LT.ZS,,,,,,,,,,,,,,,,,68.8170318603516,,,,,,,,,,,,,,,,,,,,,,,,83.0982894897461,,,,75.1100006103516,,,83.1355667114258,,,80.5744400024414,80.6599960327148,,,,,,,85.0800018310547,,86.2399978637695,,
"Congo, República Democrática del",COD,"Tasa de alfabetización, total de jóvenes (% de personas entre 15 y 24 años)",SE.ADT.1524.LT.ZS,,,,,,,,,,,,,,,,,,,,,,,,,,,,,,,,,,,,,,,,,,70.416259765625,,,,,,65.7765274047852,,,,,83.5975494384766,85.9799957275391,,,84.9895095825195,,,,,,88.0999984741211
"Congo, República del",COG,"Tasa de alfabetización, total de jóvenes (% de personas entre 15 y 24 años)",SE.ADT.1524.LT.ZS,,,,,,,,,,,,,,,,,,,,,,,,,87.4961700439453,,,,,,,,,,,,,,,,,,,,,78.5683517456055,,,,,,80.913948059082,,,,,,,,,,82.3600006103516,
Colombia,COL,"Tasa de alfabetización, total de jóvenes (% de personas entre 15 y 24 años)",SE.ADT.1524.LT.ZS,,,,,,,,,,,,,,,,,,,,,,,,,,,,,,,,,,95.4846496582031,,,96.995002746582,,,,,,97.4400024414062,97.5,97.9400024414062,97.9700012207031,97.883171081543,97.9686279296875,97.9899978637695,97.9400024414062,98.1800003051758,98.3099975585938,98.2200012207031,98.2699966430664,98.5299987792969,98.5199966430664,98.6500015258789,98.6500015258789,98.879997253418,98.8199996948242,99,99.1100006103516,98.9100036621094
Comoras,COM,"Tasa de alfabetización, total de jóvenes (% de personas entre 15 y 24 años)",SE.ADT.1524.LT.ZS,,,,,,,,,,,,,,,,,,,,,61.713020324707,,,,,,,,,,,,,,,,,,,,80.1857604980469,,,,,,,,,,,,71.5812683105469,,,,,,,,,,82.0199966430664
Cabo Verde,CPV,"Tasa de alfabetización, total de jóvenes (% de personas entre 15 y 24 años)",SE.ADT.1524.LT.ZS,,,,,,,,,,,,,,,,,,,,,,,,,,,,,,,88.1679000854492,,,,,,,,,,95.870002746582,,,,,,,,,,,,98.1289672851562,,,98.1113128662109,,,,,,,98.7399978637695
Costa Rica,CRI,"Tasa de alfabetización, total de jóvenes (% de personas entre 15 y 24 años)",SE.ADT.1524.LT.ZS,,,,,,,,,,,,,,,,,,,,,,,,,97.148193359375,,,,,,,,,,,,,,,,97.6147003173828,,,,,,,,,,,99.1336975097656,,,,,,,80.5499954223633,,,99.5299987792969,
Estados pequeos del Caribe,CSS,"Tasa de alfabetización, total de jóvenes (% de personas entre 15 y 24 años)",SE.ADT.1524.LT.ZS,,,,,,,,,,,,,,,,,,,,,,,,,,,,,,,,,,92.4627304077148,92.5012130737305,92.7344589233398,92.9765930175781,93.2227783203125,93.4711685180664,93.7497329711914,94.0827407836914,94.4574966430664,94.6700286865234,94.8584365844727,95.0213775634766,95.2046966552734,95.2727279663086,95.7345428466797,95.8522567749023,95.9573974609375,,,,,,,,,,,,,
Cuba,CUB,"Tasa de alfabetización, total de jóvenes (% de personas entre 15 y 24 años)",SE.ADT.1524.LT.ZS,,,,,,,,,,,,,,,,,,,,,,99.5685729980469,,,,,,,,,,,,,,,,,,,,,99.9555969238281,,,,,,,,,,99.8746490478516,,,,,,,,,99.8746490478516,
Curacao,CUW,"Tasa de alfabetización, total de jóvenes (% de personas entre 15 y 24 años)",SE.ADT.1524.LT.ZS,,,,,,,,,,,,,,,,,,,,,,,,,,,,,,,,,,,,,,,,,,,,,,,,,,,,,,,,,,,,,,,
Islas Caimán,CYM,"Tasa de alfabetización, total de jóvenes (% de personas entre 15 y 24 años)",SE.ADT.1524.LT.ZS,,,,,,,,,,,,,,,,,,,,,,,,,,,,,,,,,,,,,,,,,,,,,,,,98.9068222045898,,,,,,,,,,98.9068222045898,,,,,
Chipre,CYP,"Tasa de alfabetización, total de jóvenes (% de personas entre 15 y 24 años)",SE.ADT.1524.LT.ZS,,,,,,,,,,,,,,,,,,,,,,,,,,,,,,,,,99.6213912963867,,,,,,,,,99.7749328613281,,,,,,,,,,99.8209915161133,,,,,,,,,,99.9000015258789,
República Checa,CZE,"Tasa de alfabetización, total de jóvenes (% de personas entre 15 y 24 años)",SE.ADT.1524.LT.ZS,,,,,,,,,,,,,,,,,,,,,,,,,,,,,,,,,,,,,,,,,,,,,,,,,,,,,,,,,,,,,,,
Alemania,DEU,"Tasa de alfabetización, total de jóvenes (% de personas entre 15 y 24 años)",SE.ADT.1524.LT.ZS,,,,,,,,,,,,,,,,,,,,,,,,,,,,,,,,,,,,,,,,,,,,,,,,,,,,,,,,,,,,,,,
Djibouti,DJI,"Tasa de alfabetización, total de jóvenes (% de personas entre 15 y 24 años)",SE.ADT.1524.LT.ZS,,,,,,,,,,,,,,,,,,,,,,,,,,,,,,,,,,,,,,,,,,,,,,,,,,,,,,,,,,,,,,,
Dominica,DMA,"Tasa de alfabetización, total de jóvenes (% de personas entre 15 y 24 años)",SE.ADT.1524.LT.ZS,,,,,,,,,,,,,,,,,,,,,,,,,,,,,,,,,,,,,,,,,,,,,,,,,,,,,,,,,,,,,,,
Dinamarca,DNK,"Tasa de alfabetización, total de jóvenes (% de personas entre 15 y 24 años)",SE.ADT.1524.LT.ZS,,,,,,,,,,,,,,,,,,,,,,,,,,,,,,,,,,,,,,,,,,,,,,,,,,,,,,,,,,,,,,,
República Dominicana,DOM,"Tasa de alfabetización, total de jóvenes (% de personas entre 15 y 24 años)",SE.ADT.1524.LT.ZS,,,,,,,,,,,,,,,,,,,,,,82.6241989135742,,,,,,,,,,,,,,,,,,,94.870002746582,95.4499969482422,95.0800018310547,95.7399978637695,95.9400024414062,96.7099990844727,96.5699996948242,97.5,96.5500030517578,97.3000030517578,97.0400009155273,97.5699996948242,97.3399963378906,97.9499969482422,98.1399993896484,98.120002746582,98.4800033569336,98.0999984741211,98.5400009155273,98.6999969482422,98.8600006103516,98.8399963378906,98.5299987792969
Argelia,DZA,"Tasa de alfabetización, total de jóvenes (% de personas entre 15 y 24 años)",SE.ADT.1524.LT.ZS,,,,,,,,,,,,,,,,,,,,,,,,,,,,74.3272705078125,,,,,,,,,,,,,,,90.13720703125,,,,91.7796401977539,,93.7673263549805,,,,,,,,,,97.4265213012695,74.0299987792969,,,
Asia oriental y el Pacífico (excluido altos ingresos),EAP,"Tasa de alfabetización, total de jóvenes (% de personas entre 15 y 24 años)",SE.ADT.1524.LT.ZS,,,,,,,,,,,,,,,,,83.1431198120117,83.3218078613281,84.6275177001953,85.9564514160156,87.1698532104492,88.2672271728516,89.1366500854492,89.9075698852539,90.6096267700195,91.1664962768555,91.6254119873047,92.7351684570312,94.0089492797852,94.1846771240234,94.3329391479492,94.5193099975586,94.6852264404297,94.8175964355469,95.064697265625,95.3233184814453,95.5391387939453,97.7542724609375,97.8463592529297,97.8974227905273,97.9066467285156,97.9713897705078,98.0482635498047,98.1701812744141,98.2522888183594,98.3347625732422,98.1393585205078,98.5062713623047,98.8717575073242,98.8310623168945,98.8150024414062,98.4028778076172,98.4452285766602,98.4822769165039,98.679443359375,98.7410888671875,98.7616729736328,98.7886810302734,98.7315292358398,99.0828323364258,99.1175231933594,99.1448364257812,99.166633605957
inicial del dividendo demográfico,EAR,"Tasa de alfabetización, total de jóvenes (% de personas entre 15 y 24 años)",SE.ADT.1524.LT.ZS,,,,,,,,,,,,,,,,60.6309013366699,60.8726615905762,61.5818099975586,62.2852401733398,62.9442710876465,63.4698181152344,63.9622001647949,64.5589218139648,65.1306304931641,65.8455200195312,66.4579086303711,67.0817337036133,68.2754821777344,68.85986328125,69.7934417724609,70.8124771118164,71.6092300415039,72.7002487182617,73.530158996582,74.3693618774414,75.2635498046875,76.0233306884766,76.6827392578125,78.7348785400391,79.5285568237305,80.2190399169922,80.8430862426758,81.7759475708008,82.5930404663086,83.431022644043,83.8782501220703,83.677001953125,84.7325592041016,85.8783721923828,86.466438293457,87.4054870605469,87.631477355957,88.2622680664062,89.0962219238281,89.7693481445312,90.427360534668,90.936149597168,91.2517929077148,91.3099670410156,93.1218185424805,93.3845901489258,93.6590118408203,93.9598693847656
Asia oriental y el Pacífico,EAS,"Tasa de alfabetización, total de jóvenes (% de personas entre 15 y 24 años)",SE.ADT.1524.LT.ZS,,,,,,,,,,,,,,,,,84.0070877075195,84.204231262207,85.3881072998047,86.5802001953125,87.6727600097656,88.6665725708008,89.4584121704102,90.1638412475586,90.8046875,91.3138580322266,91.7302322387695,92.7844696044922,93.9713287353516,94.134407043457,94.275032043457,94.4532089233398,94.6124496459961,94.7443008422852,94.9945983886719,95.2554779052734,95.4728317260742,97.5092086791992,97.6027069091797,97.6824722290039,97.7025909423828,97.7665481567383,97.8514175415039,97.9917526245117,98.0872268676758,98.176399230957,98.0028533935547,98.3615798950195,98.7162322998047,98.6776580810547,98.6310577392578,98.221809387207,98.2683181762695,98.3085021972656,98.5419311523438,98.6048889160156,98.6269683837891,98.6554489135742,98.6036529541016,98.9572677612305,98.9938583374023,99.0233383178711,99.0475921630859
Europa y Asia central (excluido altos ingresos),ECA,"Tasa de alfabetización, total de jóvenes (% de personas entre 15 y 24 años)",SE.ADT.1524.LT.ZS,,,,,,,,,,,,,,,,,,,,,,,,97.7012710571289,98.2296371459961,98.1811599731445,98.2091369628906,98.2233276367188,98.2484970092773,98.2534408569336,98.2876663208008,98.3286666870117,98.3747711181641,98.4179534912109,98.4836578369141,98.5224990844727,98.5682525634766,98.6047286987305,98.6762008666992,98.7169876098633,98.8878707885742,98.925666809082,98.9579162597656,98.9581527709961,98.9100570678711,99.0065002441406,99.0083694458008,99.0412216186523,99.0958480834961,99.348518371582,99.4306488037109,99.5258331298828,99.583366394043,99.6278076171875,99.6574783325195,99.6846771240234,99.7346496582031,99.7709121704102,99.8473968505859,99.8723678588867,99.8805694580078,99.8882827758789,99.8934173583984
Europa y Asia central,ECS,"Tasa de alfabetización, total de jóvenes (% de personas entre 15 y 24 años)",SE.ADT.1524.LT.ZS,,,,,,,,,,,,,,,,,,,,,,,,,,,,,,,98.9295120239258,98.9553680419922,98.8405990600586,98.8629913330078,98.8963775634766,98.9170837402344,98.9404296875,98.9633178710938,98.9574584960938,98.9549789428711,99.0252304077148,99.0543823242188,99.1095733642578,99.1192016601562,99.1044006347656,99.1595306396484,99.1722869873047,99.1942367553711,99.2230529785156,99.4021301269531,99.4503784179688,99.5143585205078,99.5483474731445,99.5771484375,99.6023712158203,99.6164093017578,99.6436614990234,99.6662979125977,99.7046813964844,99.7236022949219,99.7215118408203,99.7319793701172,99.7367706298828
Ecuador,ECU,"Tasa de alfabetización, total de jóvenes (% de personas entre 15 y 24 años)",SE.ADT.1524.LT.ZS,,,,,,,,,,,,,,,,,,,,,,,93.4014587402344,,,,,,,,96.194709777832,,,,,,,,,,,92.6999969482422,,90.7200012207031,,95.8300018310547,95.8199996948242,96.0899963378906,96.1800003051758,96.8300018310547,96.3499984741211,95.9499969482422,96.1699981689453,95.5299987792969,97.2699966430664,97.25,97,97.5400009155273,96.5,94.879997253418,95.0800018310547,96.3300018310547,96.370002746582
"Egipto, República Árabe de",EGY,"Tasa de alfabetización, total de jóvenes (% de personas entre 15 y 24 años)",SE.ADT.1524.LT.ZS,,,,,,,,,,,,,,,,,51.0311584472656,,,,,,,,,,63.3276214599609,,,,,,,,,,73.2186889648438,,,,,,,,,84.8534164428711,84.8782730102539,,,,87.5096435546875,,89.2819213867188,92.0234222412109,,,,88.1925582885742,,,,,92.2399978637695
Zona del Euro,EMU,"Tasa de alfabetización, total de jóvenes (% de personas entre 15 y 24 años)",SE.ADT.1524.LT.ZS,,,,,,,,,,,,,,,,,,,,,,,,,,,,,,,,,,,,,,,,,,,,,,,,,,,,,,,,,,,,,,,
Eritrea,ERI,"Tasa de alfabetización, total de jóvenes (% de personas entre 15 y 24 años)",SE.ADT.1524.LT.ZS,,,,,,,,,,,,,,,,,,,,,,,,,,,,,,,,,,,,,,,,,,,77.9452896118164,,,,,,86.9749069213867,,,,,,,,,,93.2723922729492,,,,
España,ESP,"Tasa de alfabetización, total de jóvenes (% de personas entre 15 y 24 años)",SE.ADT.1524.LT.ZS,,,,,,,,,,,,,,,,,,,,,,98.6419525146484,,,,,,,,,,99.554557800293,,,,,,,,,,,,,99.5581970214844,99.5377883911133,99.5953063964844,99.5693435668945,99.5643081665039,99.5989990234375,99.5946273803711,99.6994018554688,99.6727828979492,99.6692581176758,99.7227630615234,99.6556777954102,99.6221618652344,,99.7155532836914,,99.6214218139648,,
Estonia,EST,"Tasa de alfabetización, total de jóvenes (% de personas entre 15 y 24 años)",SE.ADT.1524.LT.ZS,,,,,,,,,,,,,,,,,,,,,,,,,,,,,,99.8678894042969,,,,,,,,,,,99.7705001831055,,,,,,,,,,,99.9488983154297,,,,,,,,,,99.9899978637695,
Etiopía,ETH,"Tasa de alfabetización, total de jóvenes (% de personas entre 15 y 24 años)",SE.ADT.1524.LT.ZS,,,,,,,,,,,,,,,,,,,,,,,,,,,,,,,,,,,33.5853996276855,,,,,,38.6100006103516,,,,49.9000015258789,44.6059684753418,,54.9829788208008,,,,54.8300018310547,,,,,61.2900009155273,72.7548217773438,,,,,
Unión Europea,EUU,"Tasa de alfabetización, total de jóvenes (% de personas entre 15 y 24 años)",SE.ADT.1524.LT.ZS,,,,,,,,,,,,,,,,,,,,,,,,,,,,,,,,,,,,,,,,,,,,,,,,,,,,,,,,,,,,,,,
Frágiles y situaciones de conflicto afectados,FCS,"Tasa de alfabetización, total de jóvenes (% de personas entre 15 y 24 años)",SE.ADT.1524.LT.ZS,,,,,,,,,,,,,,,,,,,,,,,,,,67.2679901123047,67.3901214599609,67.9162673950195,68.3371810913086,68.7104797363281,69.157356262207,68.9635162353516,69.0524215698242,69.1891708374023,69.6694412231445,70.0502090454102,70.2666473388672,70.5817413330078,71.0928802490234,71.3393096923828,68.7435531616211,69.2130813598633,70.6046676635742,70.3689727783203,71.6313629150391,70.9855728149414,71.3845596313477,69.9058685302734,70.4690933227539,69.6682510375977,70.0205764770508,71.046012878418,72.9395217895508,72.3558578491211,74.3114929199219,73.3072891235352,75.4117584228516,76.2613296508789,74.268669128418,74.7306289672852,74.7703628540039,75.031982421875,75.3023910522461
Finlandia,FIN,"Tasa de alfabetización, total de jóvenes (% de personas entre 15 y 24 años)",SE.ADT.1524.LT.ZS,,,,,,,,,,,,,,,,,,,,,,,,,,,,,,,,,,,,,,,,,,,,,,,,,,,,,,,,,,,,,,,
Fiji,FJI,"Tasa de alfabetización, total de jóvenes (% de personas entre 15 y 24 años)",SE.ADT.1524.LT.ZS,,,,,,,,,,,,,,,,,,,,,,,,,,,,,,,,,,,,,,,,,,,,,,,,,,,,,,,,,,,,,,97.5799942016602,
Francia,FRA,"Tasa de alfabetización, total de jóvenes (% de personas entre 15 y 24 años)",SE.ADT.1524.LT.ZS,,,,,,,,,,,,,,,,,,,,,,,,,,,,,,,,,,,,,,,,,,,,,,,,,,,,,,,,,,,,,,,
Islas Feroe,FRO,"Tasa de alfabetización, total de jóvenes (% de personas entre 15 y 24 años)",SE.ADT.1524.LT.ZS,,,,,,,,,,,,,,,,,,,,,,,,,,,,,,,,,,,,,,,,,,,,,,,,,,,,,,,,,,,,,,,
Micronesia (Estados Federados de),FSM,"Tasa de alfabetización, total de jóvenes (% de personas entre 15 y 24 años)",SE.ADT.1524.LT.ZS,,,,,,,,,,,,,,,,,,,,,,,,,,,,,,,,,,,,,,,,,,,,,,,,,,,,,,,,,,,,,,,
Gabón,GAB,"Tasa de alfabetización, total de jóvenes (% de personas entre 15 y 24 años)",SE.ADT.1524.LT.ZS,,,,,,,,,,,,,,,,,,,,,,,,,,,,,,,,,,93.2087173461914,,,,,,,,,,,,,,,,,,,88.5041427612305,,,,,,,,,,90.6399993896484
Reino Unido,GBR,"Tasa de alfabetización, total de jóvenes (% de personas entre 15 y 24 años)",SE.ADT.1524.LT.ZS,,,,,,,,,,,,,,,,,,,,,,,,,,,,,,,,,,,,,,,,,,,,,,,,,,,,,,,,,,,,,,,
Georgia,GEO,"Tasa de alfabetización, total de jóvenes (% de personas entre 15 y 24 años)",SE.ADT.1524.LT.ZS,,,,,,,,,,,,,,,,,,,,,,,,,,,,,,,,,,,,,,,,,,,99.8254165649414,,,,,,,,,,,,99.7026062011719,,,99.6408081054688,,,,,99.6938781738281
Ghana,GHA,"Tasa de alfabetización, total de jóvenes (% de personas entre 15 y 24 años)",SE.ADT.1524.LT.ZS,,,,,,,,,,,,,,,,,,,,,,,,,,,,,,,,,,,,,,,,,70.6630630493164,,,79.7099990844727,,,,,,,85.7161483764648,,,,87.5999984741211,,,,,,93.4800033569336,,
Gibraltar,GIB,"Tasa de alfabetización, total de jóvenes (% de personas entre 15 y 24 años)",SE.ADT.1524.LT.ZS,,,,,,,,,,,,,,,,,,,,,,,,,,,,,,,,,,,,,,,,,,,,,,,,,,,,,,,,,,,,,,,
Guinea,GIN,"Tasa de alfabetización, total de jóvenes (% de personas entre 15 y 24 años)",SE.ADT.1524.LT.ZS,,,,,,,,,,,,,,,,,,,,,,,,,,,,,,,,,,,,,27.7163906097412,,,,,,,47.0912590026855,,45.9300003051758,,,,,31.4064197540283,,56.4000015258789,,46.295051574707,,,,53.9405212402344,,,60.3300018310547,
Gambia,GMB,"Tasa de alfabetización, total de jóvenes (% de personas entre 15 y 24 años)",SE.ADT.1524.LT.ZS,,,,,,,,,,,,,,,,,,,,,,,,,,,,,,,,,,,,,,,,,52.5550193786621,,,,,,,,,,,,,60.7779006958008,,67.161376953125,,,,,,,74.6999969482422
Guinea-Bissau,GNB,"Tasa de alfabetización, total de jóvenes (% de personas entre 15 y 24 años)",SE.ADT.1524.LT.ZS,,,,,,,,,,,,,,,,,,,,36.4014205932617,,,,,,,,,,,,,,,,,,,,,59.4928512573242,,,,,,,,,,,,,,60.4023513793945,,,,,,,,68.9499969482422
Guinea Ecuatorial,GNQ,"Tasa de alfabetización, total de jóvenes (% de personas entre 15 y 24 años)",SE.ADT.1524.LT.ZS,,,,,,,,,,,,,,,,,,,,,,,,,,,,,,,,,,,,,,,,,97.1313705444336,,,,,,,,,,97.967041015625,,,,,,,,,,,,
Grecia,GRC,"Tasa de alfabetización, total de jóvenes (% de personas entre 15 y 24 años)",SE.ADT.1524.LT.ZS,,,,,,,,,,,,,,,,,,,,,,98.9670486450195,,,,,,,,,,98.9839935302734,,,,,,,,,,98.9405288696289,,,,,,,,99.4910888671875,,,,,,,,,,,,,
Granada,GRD,"Tasa de alfabetización, total de jóvenes (% de personas entre 15 y 24 años)",SE.ADT.1524.LT.ZS,,,,,,,,,,,98.9623565673828,,,,,,,,,,99.1999969482422,,,,,,,,,,,,,,,,,,,,,,,,,,,,,,,,,,,,,,,,,,
Groenlandia,GRL,"Tasa de alfabetización, total de jóvenes (% de personas entre 15 y 24 años)",SE.ADT.1524.LT.ZS,,,,,,,,,,,,,,,,,,,,,,,,,,,,,,,,,,,,,,,,,,,,,,,,,,,,,,,,,,,,,,,
Guatemala,GTM,"Tasa de alfabetización, total de jóvenes (% de personas entre 15 y 24 años)",SE.ADT.1524.LT.ZS,,,,,,,,,,,,,,,,,,,,,,,,,,,,,,,,,,,75.9882125854492,,,,,,81.7200012207031,,82.2202606201172,,,,87.8399963378906,,,,,,93.6534729003906,91.851921081543,93.3499984741211,92.0400009155273,,,94.6041488647461,,,,96.1399993896484
Guam,GUM,"Tasa de alfabetización, total de jóvenes (% de personas entre 15 y 24 años)",SE.ADT.1524.LT.ZS,,,,,,,,,,,,,,,,,,,,,95.6110610961914,,,,,,,,,,99.879997253418,,,,,,,,,,99.9499969482422,,,,,,,,,,,,,,,,,,,,,,
Guyana,GUY,"Tasa de alfabetización, total de jóvenes (% de personas entre 15 y 24 años)",SE.ADT.1524.LT.ZS,,,,,,,,,,,,,,,,,,,,,,,,,,,,,,,,,,,,,,,,,,,,,,,,,,93.0989379882812,,,,,96.6896667480469,,,,,,97.9599990844727,,97.9000015258789
Ingreso alto,HIC,"Tasa de alfabetización, total de jóvenes (% de personas entre 15 y 24 años)",SE.ADT.1524.LT.ZS,,,,,,,,,,,,,,,,,,,,,,,,,,,,,,,,,,,,,,,,,,,,,,,,,,,,,,,,,,,,,,,
"Hong Kong, Región Administrativa Especial",HKG,"Tasa de alfabetización, total de jóvenes (% de personas entre 15 y 24 años)",SE.ADT.1524.LT.ZS,,,,,,,,,,,,,,,,,,,,,,,,,,,,,,,,,,,,,,,,,,,,,,,,,,,,,,,,,,,,,,,
Honduras,HND,"Tasa de alfabetización, total de jóvenes (% de personas entre 15 y 24 años)",SE.ADT.1524.LT.ZS,,,,,,,,,,,,,,,,,,,,,,,,,,,,,,,,,,,,,,,,,,91.2300033569336,,,90.870002746582,91.7900009155273,,93.9243087768555,,93.9499969482422,95.1500015258789,95.9300003051758,94.9800033569336,95.0699996948242,95.6800003051758,96.0100021362305,96.129997253418,,96.5199966430664,96.0800018310547,,,
Países pobres muy endeudados (PPME),HPC,"Tasa de alfabetización, total de jóvenes (% de personas entre 15 y 24 años)",SE.ADT.1524.LT.ZS,,,,,,,,,,,,,,,,,,,,,,,,,,,57.0449295043945,57.7303695678711,57.9013595581055,58.4628715515137,58.8869514465332,58.69921875,58.4099082946777,58.4981002807617,58.5802192687988,58.2728004455566,58.4742813110352,58.8736381530762,58.648681640625,59.4646301269531,60.097728729248,60.9705390930176,62.7096290588379,63.2642211914062,64.633659362793,63.8902282714844,62.5210189819336,63.9941787719727,64.5038909912109,64.9186096191406,66.0892028808594,68.5051193237305,70.2988967895508,71.4257736206055,72.4067764282227,73.1649017333984,73.8305130004883,74.9044036865234,75.5331878662109,75.6837997436523,75.9888687133789,76.4485473632812,76.9493713378906
Croacia,HRV,"Tasa de alfabetización, total de jóvenes (% de personas entre 15 y 24 años)",SE.ADT.1524.LT.ZS,,,,,,,,,,,,,,,,,,,,,,,,,,,,,,,,99.6358871459961,,,,,,,,,,99.6486434936523,,,,,,,,,,,,,,,,,,,,99.7600021362305,
Haití,HTI,"Tasa de alfabetización, total de jóvenes (% de personas entre 15 y 24 años)",SE.ADT.1524.LT.ZS,,,,,,,,,,,,,,,,,,,,,,,51.153018951416,,,,,,,,,,,,,,,,,,,,,81.6163330078125,,,72.3467178344727,,,,,,85.4399948120117,,,,82.9942474365234,,,,,,
Hungría,HUN,"Tasa de alfabetización, total de jóvenes (% de personas entre 15 y 24 años)",SE.ADT.1524.LT.ZS,,,,,,,,,,,,,,,,,,,,,99.3711471557617,,,,,,,,,,99.1999969482422,,,,,,,,,,,,,,,,,,,,,,,,,,,,,,,98.6999969482422,
Sólo BIRF,IBD,"Tasa de alfabetización, total de jóvenes (% de personas entre 15 y 24 años)",SE.ADT.1524.LT.ZS,,,,,,,,,,,,,,,,76.29833984375,76.3433227539062,76.5937118530273,77.4343414306641,78.3560028076172,79.1111831665039,79.7948303222656,80.4508209228516,81.0083312988281,81.6907424926758,82.2884521484375,82.8675994873047,83.7574462890625,84.4490509033203,84.823127746582,85.2646713256836,85.6724090576172,86.0961532592773,86.3873596191406,86.7373504638672,87.1364822387695,87.4956207275391,88.7223205566406,89.7528533935547,90.0712280273438,90.4087295532227,90.7881088256836,91.1993713378906,91.7417907714844,92.1187362670898,92.4797286987305,92.6192626953125,93.3056411743164,93.8069610595703,93.8861389160156,93.8925704956055,94.1765899658203,94.7969589233398,94.8030471801758,95.4464797973633,95.3557434082031,95.7936477661133,95.9862518310547,95.7601699829102,97.0143508911133,97.1974182128906,97.3638916015625,97.5569686889648
BIRF y la AIF,IBT,"Tasa de alfabetización, total de jóvenes (% de personas entre 15 y 24 años)",SE.ADT.1524.LT.ZS,,,,,,,,,,,,,,,,72.5203704833984,72.5178833007812,72.7169876098633,73.4451370239258,74.2682876586914,74.9167633056641,75.5122985839844,76.0945892333984,76.5593032836914,77.1847991943359,77.7646331787109,78.3138198852539,79.1481399536133,79.8566970825195,80.1983871459961,80.5988464355469,80.8650970458984,81.3102035522461,81.635627746582,81.9367294311523,82.2490768432617,82.5477066040039,83.541618347168,84.4800796508789,84.8579406738281,84.8858184814453,85.2837066650391,85.852409362793,86.4087066650391,86.9153518676758,87.081413269043,87.0602111816406,87.2878875732422,87.8056030273438,87.8662719726562,88.3486480712891,88.6331634521484,89.2818222045898,89.5056381225586,90.0661926269531,90.1215896606445,90.5950088500977,90.8107070922852,90.5774002075195,91.5199432373047,91.6136093139648,91.7521133422852,91.9219970703125
total de la AIF,IDA,"Tasa de alfabetización, total de jóvenes (% de personas entre 15 y 24 años)",SE.ADT.1524.LT.ZS,,,,,,,,,,,,,,,,,,,,,,56.2164192199707,56.5765686035156,56.8836212158203,57.2580184936523,57.6904792785645,58.0330581665039,58.5778312683105,59.6354598999023,60.30078125,60.9362716674805,61.0706214904785,62.083381652832,63.0325012207031,63.7609786987305,64.2911224365234,64.8924331665039,65.5021286010742,66.486457824707,67.4742965698242,66.8150787353516,67.5268325805664,68.7781219482422,69.4875106811523,70.5397872924805,70.2461166381836,69.8959121704102,69.0389862060547,70.0040664672852,70.3636474609375,72.605598449707,73.2895126342773,74.4630126953125,75.6919784545898,76.4287796020508,77.2618789672852,78.2258987426758,78.8510589599609,78.9306869506836,79.5088195800781,79.7287368774414,80.1107635498047,80.4902191162109
mezcla de la AIF,IDB,"Tasa de alfabetización, total de jóvenes (% de personas entre 15 y 24 años)",SE.ADT.1524.LT.ZS,,,,,,,,,,,,,,,,,,,,,59.9160194396973,60.1421585083008,60.2133483886719,60.515510559082,60.8828506469727,61.3668899536133,61.7398986816406,62.43505859375,63.0844688415527,63.759349822998,64.5649185180664,65.1227416992188,67.5484008789062,69.7627182006836,70.6466522216797,71.5149536132812,72.3672714233398,73.0838012695312,73.5655364990234,74.3347091674805,70.6868286132812,71.2928619384766,71.6992721557617,72.4404602050781,73.1200485229492,72.5106201171875,76.8740005493164,71.6734313964844,73.8916778564453,74.1843032836914,74.5595779418945,74.6451568603516,75.8011703491211,75.6746520996094,76.413932800293,77.1797790527344,77.8643188476562,77.9584197998047,77.1898193359375,77.4880523681641,77.9542922973633,78.3988723754883,78.8351516723633
Indonesia,IDN,"Tasa de alfabetización, total de jóvenes (% de personas entre 15 y 24 años)",SE.ADT.1524.LT.ZS,,,,,,,,,,,,,,,,,,,,,85.4370880126953,,,,,,,,,,96.2075576782227,,,,,,,,,,,,,,98.7054595947266,,96.6510391235352,,99.4601135253906,99.4737396240234,,98.7779998779297,,,99.6802215576172,99.6700668334961,99.6688079833984,99.5800018310547,99.7070770263672,,99.7795104980469,,
Sólo AIF,IDX,"Tasa de alfabetización, total de jóvenes (% de personas entre 15 y 24 años)",SE.ADT.1524.LT.ZS,,,,,,,,,,,,,,,,,,,,,,54.3670997619629,54.8380584716797,55.1409606933594,55.5250091552734,55.9392890930176,56.2653884887695,56.737621307373,57.9901313781738,58.6523704528809,59.2040596008301,59.1295394897461,59.4570198059082,59.819450378418,60.4648017883301,60.8267707824707,61.2824096679688,61.8090515136719,63.0078315734863,64.0777893066406,64.8859710693359,65.6317672729492,67.2997283935547,67.994873046875,69.2341003417969,69.0977478027344,66.3534088134766,67.7001495361328,68.0256881713867,68.4167022705078,71.6087112426758,72.5980987548828,73.7823333740234,75.7007675170898,76.436279296875,77.3031692504883,78.4067230224609,79.2941207885742,79.7916412353516,80.5048217773438,80.6010131835938,80.9516296386719,81.3036193847656
Isla de Man,IMN,"Tasa de alfabetización, total de jóvenes (% de personas entre 15 y 24 años)",SE.ADT.1524.LT.ZS,,,,,,,,,,,,,,,,,,,,,,,,,,,,,,,,,,,,,,,,,,,,,,,,,,,,,,,,,,,,,,,
India,IND,"Tasa de alfabetización, total de jóvenes (% de personas entre 15 y 24 años)",SE.ADT.1524.LT.ZS,,,,,,,,,,,,,,,,,,,,,,53.7845687866211,,,,,,,,,,61.9002799987793,,,,,,,,,,76.4256973266602,,,,,81.130859375,,,,,86.1448822021484,,,,,,,,,94.5999984741211,,96.5358734130859
No clasificado,INX,"Tasa de alfabetización, total de jóvenes (% de personas entre 15 y 24 años)",SE.ADT.1524.LT.ZS,,,,,,,,,,,,,,,,,,,,,,,,,,,,,,,,,,,,,,,,,,,,,,,,,,,,,,,,,,,,,,,
Irlanda,IRL,"Tasa de alfabetización, total de jóvenes (% de personas entre 15 y 24 años)",SE.ADT.1524.LT.ZS,,,,,,,,,,,,,,,,,,,,,,,,,,,,,,,,,,,,,,,,,,,,,,,,,,,,,,,,,,,,,,,
"Irán, República Islámica del",IRN,"Tasa de alfabetización, total de jóvenes (% de personas entre 15 y 24 años)",SE.ADT.1524.LT.ZS,,,,,,,,,,,,,,,,,56.4538612365723,,,,,,,,,,75.2049026489258,,,,,86.9742584228516,,,,,93.0282974243164,,,,,,,,,97.4315338134766,96.6437072753906,,97.8714294433594,,,,98.0143966674805,97.7772979736328,97.9378662109375,,98.1013488769531,,,,,,98.8099975585938
Iraq,IRQ,"Tasa de alfabetización, total de jóvenes (% de personas entre 15 y 24 años)",SE.ADT.1524.LT.ZS,,,,,,,,,,,,,,,,,,,,,,,,,,,,,,,,,,,,,,,,,84.7967987060547,,,,,,,,,,,,83.5,,88.8000030517578,,90.9000015258789,93.5,,,,,
Islandia,ISL,"Tasa de alfabetización, total de jóvenes (% de personas entre 15 y 24 años)",SE.ADT.1524.LT.ZS,,,,,,,,,,,,,,,,,,,,,,,,,,,,,,,,,,,,,,,,,,,,,,,,,,,,,,,,,,,,,,,
Israel,ISR,"Tasa de alfabetización, total de jóvenes (% de personas entre 15 y 24 años)",SE.ADT.1524.LT.ZS,,,,,,,,,,,,,,,,,,,,,,,,98.562858581543,,,,,,,,,,,,,,,,,,,,,,,,,,,,,,,,,,,,,,,
Italia,ITA,"Tasa de alfabetización, total de jóvenes (% de personas entre 15 y 24 años)",SE.ADT.1524.LT.ZS,,,,,,,,,,,,,,,,,,,,,,99.6433792114258,,,,,,,,,,,,,,,,,,,,99.8121337890625,,,,,,,,,,99.8596420288086,,,,,,,,99.8742218017578,,,
Jamaica,JAM,"Tasa de alfabetización, total de jóvenes (% de personas entre 15 y 24 años)",SE.ADT.1524.LT.ZS,,,,,,,,,,,,,,,,,,,,,,,,,,,,,,,,,,,,,,,,91.6034088134766,,,,,,,,,,,,,,,,,,,,,,,
Jordania,JOR,"Tasa de alfabetización, total de jóvenes (% de personas entre 15 y 24 años)",SE.ADT.1524.LT.ZS,,,,,,,,,,,,,,,,,,,,90.5084915161133,,,,,,,,,,,,,,,,,,,,,,,,99.1325912475586,,98.9753875732422,,98.9493408203125,,,98.7623519897461,99.148681640625,99.1057205200195,,,,,,,,,99.4199981689453,
Japón,JPN,"Tasa de alfabetización, total de jóvenes (% de personas entre 15 y 24 años)",SE.ADT.1524.LT.ZS,,,,,,,,,,,,,,,,,,,,,,,,,,,,,,,,,,,,,,,,,,,,,,,,,,,,,,,,,,,,,,,
Kazajstán,KAZ,"Tasa de alfabetización, total de jóvenes (% de personas entre 15 y 24 años)",SE.ADT.1524.LT.ZS,,,,,,,,,,,,,,,,,,,,,,,,,,,,,,99.7257232666016,,,,,,,,,,99.8451309204102,,,,,,,,,,99.8345108032227,99.8973617553711,,,,,,,,,,99.9000015258789,,
Kenya,KEN,"Tasa de alfabetización, total de jóvenes (% de personas entre 15 y 24 años)",SE.ADT.1524.LT.ZS,,,,,,,,,,,,,,,,,,,,,,,,,,,,,,,,,,,,,,,,,92.5281829833984,,,,,,,82.3904724121094,,,,,,,86.5256271362305,,,,,,,,89.0100021362305
Kirguistán,KGZ,"Tasa de alfabetización, total de jóvenes (% de personas entre 15 y 24 años)",SE.ADT.1524.LT.ZS,,,,,,,,,,,,,,,,,,,,,,,,,,,,,,,,,,,,,,,,99.6956329345703,,,,,,,,,,99.7518463134766,,,,,,,,,,99.6999969482422,,,
Camboya,KHM,"Tasa de alfabetización, total de jóvenes (% de personas entre 15 y 24 años)",SE.ADT.1524.LT.ZS,,,,,,,,,,,,,,,,,,,,,,,,,,,,,,,,,,,,,,,76.3182067871094,,,,,,83.3828582763672,77.9599990844727,,,87.4713821411133,87.1239318847656,79.4399948120117,,,,90.1418685913086,92.2123565673828,,,,,,,95.9700012207031
Kiribati,KIR,"Tasa de alfabetización, total de jóvenes (% de personas entre 15 y 24 años)",SE.ADT.1524.LT.ZS,,,,,,,,,,,,,,,,,,,,,,,,,,,,,,,,,,,,,,,,,,,,,,,,,,,,,,,,,,,,,,,
Saint Kitts y Nevis,KNA,"Tasa de alfabetización, total de jóvenes (% de personas entre 15 y 24 años)",SE.ADT.1524.LT.ZS,,,,,,,,,,,,,,,,,,,,,,,,,,,,,,,,,,,,,,,,,,,,,,,,,,,,,,,,,,,,,,,
"Corea, República de",KOR,"Tasa de alfabetización, total de jóvenes (% de personas entre 15 y 24 años)",SE.ADT.1524.LT.ZS,,,,,,,,,,,,,,,,,,,,,,,,,,,,,,,,,,,,,,,,,,,,,,,,,99.9541702270508,,,,,,,,,,100,,,,
Kuwait,KWT,"Tasa de alfabetización, total de jóvenes (% de personas entre 15 y 24 años)",SE.ADT.1524.LT.ZS,,,,,,,,,,,,,,,,72.2221603393555,,,,,78.9754409790039,,,,,87.4560623168945,,,,,,,,,,92.0430603027344,,,,,,,,,,99.7333602905273,98.5121688842773,98.4472274780273,98.6433486938477,,98.8991088867188,,98.7822570800781,99.1537475585938,,99.2590866088867,,99.2435836791992,99.0801315307617,,99.3033218383789,,
América Latina y el Caribe (excluido altos ingresos),LAC,"Tasa de alfabetización, total de jóvenes (% de personas entre 15 y 24 años)",SE.ADT.1524.LT.ZS,,,,,,,,,,,,,,,86.9003982543945,86.9102630615234,87.1952514648438,87.484733581543,87.7891311645508,87.9783020019531,88.0607986450195,88.2666473388672,88.458381652832,88.6531829833984,88.8511581420898,89.0553512573242,89.2371215820312,89.4411773681641,89.7077713012695,90.027587890625,90.3239669799805,91.0093994140625,91.6864013671875,92.3459167480469,92.9909515380859,93.6406326293945,93.9925231933594,94.1161117553711,94.3380813598633,94.5689926147461,94.7980499267578,94.9556198120117,95.3806076049805,96.1959915161133,96.3277816772461,96.5123901367188,96.6221084594727,96.8865432739258,97.0219573974609,97.3299026489258,97.1857070922852,97.6969909667969,97.8743286132812,97.83837890625,98.1295776367188,98.2174301147461,98.3658599853516,98.3672027587891,98.4519882202148,98.4958877563477,98.4872207641602,98.5421295166016,98.5993118286133
República Democrática Popular Lao,LAO,"Tasa de alfabetización, total de jóvenes (% de personas entre 15 y 24 años)",SE.ADT.1524.LT.ZS,,,,,,,,,,,,,,,,,,,,,,,,,,,,,,,,,,,,71.1336288452148,,,,,80.5985565185547,78.4579925537109,,,,83.9310607910156,,,,,,72.0562286376953,,,,92.4626388549805,,,,,,,94.5100021362305
Líbano,LBN,"Tasa de alfabetización, total de jóvenes (% de personas entre 15 y 24 años)",SE.ADT.1524.LT.ZS,,,,,,,,,,,,,,,,,,,,,,,,,,,,,,,,,,,,,,,,,,,,,,,,98.7147903442383,,99.2433471679688,,,,,,,,,96.75,,,,
Liberia,LBR,"Tasa de alfabetización, total de jóvenes (% de personas entre 15 y 24 años)",SE.ADT.1524.LT.ZS,,,,,,,,,,,,,,,,,,,,,,,,,47.6337890625,,,,,,,,,,,,,,,,,,,,,,,49.0741081237793,,,,,,75.0599975585938,,,,55.3987007141113,,77.4599990844727,,,
Libia,LBY,"Tasa de alfabetización, total de jóvenes (% de personas entre 15 y 24 años)",SE.ADT.1524.LT.ZS,,,,,,,,,,,,,,,,,,,,,,,,,89.3378982543945,,,,,,,,,,97.9000015258789,,,,,,,,,,,,,,,,,,,,,,,,,,,,
Santa Lucía,LCA,"Tasa de alfabetización, total de jóvenes (% de personas entre 15 y 24 años)",SE.ADT.1524.LT.ZS,,,,,,,,,,,,,,,,,,,,,,,,,,,,,,,,,,,,,,,,,,,,,,,,,,,,,99.9800033569336,,,,,,,,,,
América Latina y el Caribe,LCN,"Tasa de alfabetización, total de jóvenes (% de personas entre 15 y 24 años)",SE.ADT.1524.LT.ZS,,,,,,,,,,,,,,,87.7080993652344,87.7147979736328,87.9702529907227,88.2387390136719,88.5232467651367,88.7028198242188,88.7820663452148,88.9684524536133,89.1400833129883,89.3179779052734,89.4981918334961,89.6838073730469,89.8495407104492,90.0225830078125,90.3218002319336,90.6497421264648,90.916862487793,91.5349273681641,92.1455383300781,92.7395782470703,93.3232269287109,93.9116134643555,94.2317810058594,94.3501815795898,94.5926208496094,94.8102264404297,95.0227508544922,95.1796569824219,95.5758666992188,96.3277816772461,96.4607391357422,96.6413116455078,96.7864227294922,97.0379333496094,97.1699523925781,97.4552230834961,97.3319473266602,97.7443771362305,97.9072418212891,97.8717880249023,98.2035064697266,98.2610778808594,98.3902206420898,98.3829116821289,98.4613571166992,98.5004425048828,98.493408203125,98.5445404052734,98.5978927612305
Países menos desarrollados: clasificación de las Naciones Unidas,LDC,"Tasa de alfabetización, total de jóvenes (% de personas entre 15 y 24 años)",SE.ADT.1524.LT.ZS,,,,,,,,,,,,,,,,,,,,,,51.1445007324219,51.6674690246582,52.0055084228516,52.4183616638184,52.8736801147461,53.2160491943359,53.7206916809082,55.1215705871582,55.8446083068848,56.4377899169922,56.3131103515625,56.6154289245605,56.9795989990234,57.6606101989746,58.4344596862793,58.8853988647461,59.4191017150879,60.7154083251953,61.8642997741699,62.392749786377,63.1227607727051,64.8709564208984,65.7028884887695,67.054817199707,66.8563690185547,63.6983489990234,65.0088424682617,65.2956008911133,66.2024765014648,69.756706237793,70.8701324462891,72.2301025390625,74.3855895996094,75.1575698852539,76.1437377929688,77.3580093383789,78.3102416992188,78.1298217773438,78.9898834228516,79.0881118774414,79.5203094482422,79.9567718505859
Países de ingreso bajo,LIC,"Tasa de alfabetización, total de jóvenes (% de personas entre 15 y 24 años)",SE.ADT.1524.LT.ZS,,,,,,,,,,,,,,,,,,,,,,,,,,,,,57.590160369873,58.0507011413574,58.4831199645996,58.1385688781738,57.5947685241699,57.432300567627,57.330638885498,57.3955612182617,57.4308700561523,57.6835708618164,58.1181297302246,58.5083694458008,58.5401496887207,59.2813415527344,61.7179794311523,61.9694404602051,63.6436386108398,62.8480987548828,61.4287490844727,62.9549407958984,64.3638763427734,65.1558609008789,65.869743347168,68.5025329589844,69.4753570556641,70.6917495727539,71.1692123413086,71.8927917480469,72.5516967773438,73.6133880615234,73.1167602539062,73.2313690185547,73.411262512207,73.9089965820312,74.4579925537109
Liechtenstein,LIE,"Tasa de alfabetización, total de jóvenes (% de personas entre 15 y 24 años)",SE.ADT.1524.LT.ZS,,,,,,,,,,,,,,,,,,,,,,,,,,,,,,,,,,,,,,,,,,,,,,,,,,,,,,,,,,,,,,,
Sri Lanka,LKA,"Tasa de alfabetización, total de jóvenes (% de personas entre 15 y 24 años)",SE.ADT.1524.LT.ZS,,,,,,,,,,,,,,,,,,,,,,91.043342590332,,,,,,,,,,,,,,,,,,,,95.5886306762695,,,,,97.4840621948242,,97.9817962646484,,98.1579284667969,,,,,,98.6889877319336,98.8564605712891,98.7819366455078,98.9679565429688,98.8592300415039,98.9323120117188,98.81494140625
Países de ingreso mediano bajo,LMC,"Tasa de alfabetización, total de jóvenes (% de personas entre 15 y 24 años)",SE.ADT.1524.LT.ZS,,,,,,,,,,,,,,,,57.9740180969238,58.0987281799316,58.7044296264648,59.270191192627,59.7658996582031,60.1820907592773,60.5201683044434,61.0432586669922,61.5182991027832,62.0682716369629,62.6509017944336,63.192138671875,63.9424018859863,64.4588623046875,65.4490127563477,66.5503921508789,67.356086730957,68.6796264648438,69.6608734130859,70.6603469848633,71.6068801879883,72.566780090332,73.4118728637695,75.5921401977539,76.628532409668,76.9031066894531,77.7200775146484,78.4970626831055,79.467170715332,80.2409362792969,80.7311172485352,81.1274871826172,81.3681793212891,82.219841003418,82.7553024291992,83.8865585327148,84.2129287719727,85.2128524780273,86.1327590942383,86.849609375,87.5894165039062,88.1443786621094,88.5986175537109,89.0001983642578,90.8969573974609,91.2116394042969,91.5309371948242,91.8460464477539
Ingreso mediano y bajo,LMY,"Tasa de alfabetización, total de jóvenes (% de personas entre 15 y 24 años)",SE.ADT.1524.LT.ZS,,,,,,,,,,,,,,,,72.0149612426758,72.027587890625,72.2509078979492,73.015251159668,73.8775329589844,74.5578536987305,75.1846313476562,75.7979888916016,76.2797622680664,76.9238433837891,77.5228881835938,78.0889587402344,78.9429702758789,79.6572113037109,79.9969482421875,80.396858215332,80.6588516235352,81.1002502441406,81.4243698120117,81.7229614257812,82.0326385498047,82.3292922973633,83.3322677612305,84.2770614624023,84.6620407104492,84.6908187866211,85.0961608886719,85.6778869628906,86.2468719482422,86.7652893066406,86.9383010864258,86.9178924560547,87.1519165039062,87.6793212890625,87.7402725219727,88.231071472168,88.5271835327148,89.185188293457,89.4138488769531,89.975212097168,90.0319595336914,90.5123062133789,90.7330093383789,90.5001373291016,91.4546890258789,91.5512466430664,91.6914901733398,91.8633499145508
Lesotho,LSO,"Tasa de alfabetización, total de jóvenes (% de personas entre 15 y 24 años)",SE.ADT.1524.LT.ZS,,,,,,,,,,,,,,,,,,,,,,,,,,,,,,,,,,,,,,,,,90.9269027709961,,,,,,,,,83.1944122314453,,,,,86.6322021484375,,,,,,,,89.7300033569336
avanzada del dividendo demográfico,LTE,"Tasa de alfabetización, total de jóvenes (% de personas entre 15 y 24 años)",SE.ADT.1524.LT.ZS,,,,,,,,,,,,,,,,,85.6164016723633,85.7367095947266,86.7448425292969,87.7184371948242,88.6471481323242,89.4598083496094,90.1180419921875,90.7220230102539,91.2602462768555,91.6818771362305,92.0320816040039,92.38427734375,93.4884185791016,93.6164703369141,93.7416076660156,94.0088272094727,94.2310562133789,94.4520416259766,94.6797409057617,94.9285278320312,95.1637268066406,97.1871871948242,97.3048400878906,97.3943405151367,97.4925079345703,97.6332702636719,97.7702789306641,98.070198059082,98.191650390625,98.3128433227539,98.4467926025391,98.7269134521484,98.7854690551758,98.8143005371094,98.8134994506836,98.9529113769531,99.1554183959961,99.2296981811523,99.2757110595703,99.291633605957,99.3627471923828,99.4021301269531,99.4328689575195,99.4693069458008,99.5016479492188,99.5374069213867,99.5595932006836
Lituania,LTU,"Tasa de alfabetización, total de jóvenes (% de personas entre 15 y 24 años)",SE.ADT.1524.LT.ZS,,,,,,,,,,,,,,,,,,,,,,,,,,,,,,99.6737594604492,,,,,,,,,,,,99.7016677856445,,,,,,,,,,99.8557968139648,,,,,,,,,,99.9499969482422,
Luxemburgo,LUX,"Tasa de alfabetización, total de jóvenes (% de personas entre 15 y 24 años)",SE.ADT.1524.LT.ZS,,,,,,,,,,,,,,,,,,,,,,,,,,,,,,,,,,,,,,,,,,,,,,,,,,,,,,,,,,,,,,,
Letonia,LVA,"Tasa de alfabetización, total de jóvenes (% de personas entre 15 y 24 años)",SE.ADT.1524.LT.ZS,,,,,,,,,,,,,,,,,,,,,,,,,,,,,,99.7844085693359,,,,,,,,,,,99.7502593994141,,,,,,,,,,,99.8354263305664,,,,,,,,,,99.8199996948242,
"Región Administrativa Especial de Macao, China",MAC,"Tasa de alfabetización, total de jóvenes (% de personas entre 15 y 24 años)",SE.ADT.1524.LT.ZS,,,,,,,,,,,,,,,,,,,,,,94.7031173706055,,,,,,,,,,,,,,,,,,,,99.6335372924805,,,,,99.6442413330078,,,,,99.6728973388672,,,,,99.7987365722656,,,,,99.7900009155273,
Isla de San Martín (parte francesa),MAF,"Tasa de alfabetización, total de jóvenes (% de personas entre 15 y 24 años)",SE.ADT.1524.LT.ZS,,,,,,,,,,,,,,,,,,,,,,,,,,,,,,,,,,,,,,,,,,,,,,,,,,,,,,,,,,,,,,,
Marruecos,MAR,"Tasa de alfabetización, total de jóvenes (% de personas entre 15 y 24 años)",SE.ADT.1524.LT.ZS,,,,,,,,,,,,,,,,,,,,,,,44.137939453125,,,,,,,,,,,,58.4348907470703,,,,,,,,,,70.4575881958008,,,,77.8629608154297,79.4736862182617,,81.5100708007812,91.2209625244141,,,,,,,,,,98.5199966430664
Mónaco,MCO,"Tasa de alfabetización, total de jóvenes (% de personas entre 15 y 24 años)",SE.ADT.1524.LT.ZS,,,,,,,,,,,,,,,,,,,,,,,,,,,,,,,,,,,,,,,,,,,,,,,,,,,,,,,,,,,,,,,
República de Moldova,MDA,"Tasa de alfabetización, total de jóvenes (% de personas entre 15 y 24 años)",SE.ADT.1524.LT.ZS,,,,,,,,,,,,,,,,,,,,,,,,,,,,,,99.7293472290039,,,,,,,,,,,99.5250778198242,,,,,99.9100036621094,,,,,,,99.9100036621094,,99.8110122680664,,,,,,,99.6999969482422,
Madagascar,MDG,"Tasa de alfabetización, total de jóvenes (% de personas entre 15 y 24 años)",SE.ADT.1524.LT.ZS,,,,,,,,,,,,,,,,,,,,,,,,,,,,,,,,,,,,,,,,,70.2362213134766,,,,,57.6305885314941,,,,64.9402465820312,,,76.8291625976562,,,,,,79.8511734008789,,,84.4300003051758,80.7300033569336
Maldivas,MDV,"Tasa de alfabetización, total de jóvenes (% de personas entre 15 y 24 años)",SE.ADT.1524.LT.ZS,,,,,,,,,,,,,,,,,,85.6089782714844,,,,,,,,95.5361862182617,,,,,98.1996231079102,,,,,98.1701202392578,,,,,98.1701202392578,,,,,,99.3010101318359,,,,,,,,99.2683792114258,,98.7536468505859,,,,,99.4300003051758,
Oriente Medio y Norte de África,MEA,"Tasa de alfabetización, total de jóvenes (% de personas entre 15 y 24 años)",SE.ADT.1524.LT.ZS,,,,,,,,,,,,,,58.9186592102051,59.5507316589355,60.2896881103516,60.9903297424316,61.9880409240723,62.8665885925293,63.6059989929199,64.5627136230469,65.5470733642578,66.5234222412109,67.6755676269531,69.0285263061523,70.3681335449219,71.7465896606445,72.788948059082,74.0028228759766,75.1116027832031,77.320556640625,78.7702865600586,79.7756881713867,79.6783905029297,80.6082382202148,81.8388671875,82.7918930053711,83.6182403564453,84.362190246582,85.1219329833984,85.7960815429688,86.5969085693359,87.459228515625,88.3812789916992,88.9125289916992,89.3520889282227,89.4174880981445,90.1276168823242,90.9184417724609,88.7386093139648,89.0286483764648,89.0639419555664,92.5945205688477,90.4659729003906,93.8972015380859,90.7057189941406,92.9023895263672,93.4582214355469,89.8097381591797,90.0834197998047,90.3372268676758,90.5153732299805,90.6900863647461
México,MEX,"Tasa de alfabetización, total de jóvenes (% de personas entre 15 y 24 años)",SE.ADT.1524.LT.ZS,,,,,,,,,,,,,,,,,,,,,91.9471969604492,,,,,,,,,,95.4182434082031,,,,,,,,,,97.3300018310547,,97.5199966430664,,97.2900009155273,97.6358413696289,97.8600006103516,98.1560897827148,98.2900009155273,98.524658203125,98.4100036621094,98.4617691040039,98.75,98.5644989013672,98.6500015258789,98.944709777832,98.5999984741211,99.1246871948242,98.6100006103516,,98.9599990844727,,98.9499969482422
Islas Marshall,MHL,"Tasa de alfabetización, total de jóvenes (% de personas entre 15 y 24 años)",SE.ADT.1524.LT.ZS,,,,,,,,,,,,,,,,,,,,,,,,,,,,,,,,,,,,,,,,,,,,,,,,,,,,98.4587783813477,,,,,,,,,,,
 Ingreso mediano,MIC,"Tasa de alfabetización, total de jóvenes (% de personas entre 15 y 24 años)",SE.ADT.1524.LT.ZS,,,,,,,,,,,,,,,,73.3506393432617,73.3605270385742,73.586067199707,74.3700180053711,75.254020690918,75.9569320678711,76.5740432739258,77.1805801391602,77.6824188232422,78.3483810424805,78.9558868408203,79.5363006591797,80.4031600952148,81.15673828125,81.5138320922852,81.9360275268555,82.2644729614258,82.8075408935547,83.2088317871094,83.583122253418,83.9569931030273,84.3171920776367,85.4164199829102,86.430290222168,86.8545074462891,86.9208679199219,87.3232269287109,87.772087097168,88.4005737304688,88.8480072021484,89.1415481567383,89.2904815673828,89.4646530151367,89.9715881347656,90.0226516723633,90.5569305419922,90.6734771728516,91.3707962036133,91.5573883056641,92.1908264160156,92.2389678955078,92.771240234375,92.9560165405273,92.8232421875,93.9631118774414,94.1220016479492,94.2780075073242,94.4533309936523
Macedonia del Norte,MKD,"Tasa de alfabetización, total de jóvenes (% de personas entre 15 y 24 años)",SE.ADT.1524.LT.ZS,,,,,,,,,,,,,,,,,,,,,,,,,,,,,,,,,,,98.8611679077148,,,,,,,,98.7426986694336,,,,,,,,,,98.5999984741211,,,,,,,,,,
Malí,MLI,"Tasa de alfabetización, total de jóvenes (% de personas entre 15 y 24 años)",SE.ADT.1524.LT.ZS,,,,,,,,,,,,,,,,,19.6462306976318,,,,,,,,,,,,,,,,,,,,,,24.1866703033447,,,,,,,,38.8161201477051,,,,44.3017082214355,42.0952796936035,,,,49.3665313720703,,,50.1347007751465,,46.157341003418,,
Malta,MLT,"Tasa de alfabetización, total de jóvenes (% de personas entre 15 y 24 años)",SE.ADT.1524.LT.ZS,,,,,,,,,,,,,,,,,,,,,,,,,,97.8669586181641,,,,,,,,,,96.0322723388672,,,,,,,,,,98.2650299072266,,,,,,98.8819427490234,,,,,,,,,,99.4499969482422,
Myanmar,MMR,"Tasa de alfabetización, total de jóvenes (% de personas entre 15 y 24 años)",SE.ADT.1524.LT.ZS,,,,,,,,,,,,,,,,,,,,,,,,84.8970718383789,,,,,,,,,,,,,,,,,94.586311340332,,,,,,,,,,,,,,,,84.7511596679688,,,95.4151229858398,,,
Oriente Medio y Norte de África (excluido altos ingresos),MNA,"Tasa de alfabetización, total de jóvenes (% de personas entre 15 y 24 años)",SE.ADT.1524.LT.ZS,,,,,,,,,,,,,55.692928314209,56.351261138916,57.0135307312012,57.802661895752,58.5364189147949,59.6062393188477,60.539379119873,61.3098907470703,62.3277282714844,63.3832511901855,64.4087219238281,65.6453094482422,67.0876617431641,68.5414733886719,70.0370330810547,71.147102355957,72.3688278198242,73.4746627807617,75.8175888061523,77.3962936401367,78.4751586914062,78.2429580688477,79.1787261962891,80.4722671508789,81.4800415039062,82.3346176147461,82.9610977172852,83.7739410400391,84.5288391113281,85.3993606567383,86.3666687011719,87.5195999145508,88.0931625366211,88.5560531616211,88.5535430908203,89.2463912963867,90.0348510742188,87.4242477416992,87.6858367919922,87.64111328125,91.6611099243164,89.2215194702148,93.1380004882812,89.5266571044922,92.0517501831055,92.6946105957031,88.5123825073242,88.8051528930664,89.0887908935547,89.3591995239258,89.5751266479492
Montenegro,MNE,"Tasa de alfabetización, total de jóvenes (% de personas entre 15 y 24 años)",SE.ADT.1524.LT.ZS,,,,,,,,,,,,,,,,,,,,,,98.7301406860352,,,,,,,,,,99.1458587646484,,,,,,,,,,,,99.410270690918,,,,,,,,99.2118225097656,,,,,,,96.4400024414062,,,99.0500030517578,
Mongolia,MNG,"Tasa de alfabetización, total de jóvenes (% de personas entre 15 y 24 años)",SE.ADT.1524.LT.ZS,,,,,,,,,,,,,,,,,,,,,,,,,,,,,,,,,,,,,,,,,97.7101211547852,,,,,,,,,,98.4602508544922,,,,,,,,96.6399993896484,,99.0743408203125,,
Mariana,MNP,"Tasa de alfabetización, total de jóvenes (% de personas entre 15 y 24 años)",SE.ADT.1524.LT.ZS,,,,,,,,,,,,,,,,,,,,,,,,,,,,,,,,,,,,,,,,,,,,,,,,,,,,,,,,,,,,,,,
Mozambique,MOZ,"Tasa de alfabetización, total de jóvenes (% de personas entre 15 y 24 años)",SE.ADT.1524.LT.ZS,,,,,,,,,,,,,,,,,,,,,43.644359588623,,,,,,,,,,,,,,,,,46.9700012207031,,,,,,61.8928909301758,,,,,,67.1496429443359,,,,,,70.5251007080078,,70.9124526977539,,,70.0756072998047,,
Mauritania,MRT,"Tasa de alfabetización, total de jóvenes (% de personas entre 15 y 24 años)",SE.ADT.1524.LT.ZS,,,,,,,,,,,,,,,,,,,,,,,,,,,,,,,,,,,,,,,,,61.3366508483887,,,,,,,56.122428894043,,,,,,71.0320816040039,,,,,,,,76.4899978637695,
Mauricio,MUS,"Tasa de alfabetización, total de jóvenes (% de personas entre 15 y 24 años)",SE.ADT.1524.LT.ZS,,,,,,,,,,,,,,,,,,,,,,,,,,,,,,,91.1919937133789,,,,,,,,,,94.5389633178711,,,,,,,,,,,98.1303482055664,,,,,,,,,,99.3000030517578,
Malawi,MWI,"Tasa de alfabetización, total de jóvenes (% de personas entre 15 y 24 años)",SE.ADT.1524.LT.ZS,,,,,,,,,,,,,,,,,,,,,,,,,,,,59.0176887512207,,,,,,,,,,,76.0074996948242,,,,,,,,,,,,72.1395568847656,,,,76.0819091796875,72.9356079101562,,,,,49.7299995422363,,76.7900009155273
Malasia,MYS,"Tasa de alfabetización, total de jóvenes (% de personas entre 15 y 24 años)",SE.ADT.1524.LT.ZS,,,,,,,,,,,,,,,,,,,,,87.9686431884766,,,,,,,,,,,95.5638809204102,,,,,,,,,,,,,,,,,,,,,,,,,,,,,,,
América del Norte,NAC,"Tasa de alfabetización, total de jóvenes (% de personas entre 15 y 24 años)",SE.ADT.1524.LT.ZS,,,,,,,,,,,,,,,,,,,,,,,,,,,,,,,,,,,,,,,,,,,,99.578239440918,99.5817794799805,99.5842971801758,99.5873794555664,99.5893096923828,99.5901870727539,,,,,,,,,99.6070404052734,99.607551574707,99.608757019043,99.6082916259766,99.609977722168,99.6103973388672
Namibia,NAM,"Tasa de alfabetización, total de jóvenes (% de personas entre 15 y 24 años)",SE.ADT.1524.LT.ZS,,,,,,,,,,,,,,,,,,,,,,,,,,,,,,,,88.1124267578125,,,,,,,,,89.4300003051758,92.4243774414062,,,,,,87.0954132080078,,,,94.4194412231445,,94.1600036621094,,,,,,,,95.5500030517578,
Nueva Caledonia,NCL,"Tasa de alfabetización, total de jóvenes (% de personas entre 15 y 24 años)",SE.ADT.1524.LT.ZS,,,,,,,,,,,,,,,,,97.4641571044922,,,,,,,,,,,,,98.7569808959961,,,,,,,99.0928802490234,,,,,,,,,,99.1999969482422,,,,,,,,,,,,,,,,
Níger,NER,"Tasa de alfabetización, total de jóvenes (% de personas entre 15 y 24 años)",SE.ADT.1524.LT.ZS,,,,,,,,,,,,,,,,,,,,,,,,,,,,,,,,,,,,,,,,,,19.7911891937256,,,,36.5467796325684,21.3899993896484,,,,,,39.7877311706543,,,,,,,,,,48.2099990844727
Nigeria,NGA,"Tasa de alfabetización, total de jóvenes (% de personas entre 15 y 24 años)",SE.ADT.1524.LT.ZS,,,,,,,,,,,,,,,,,,,,,,,,,,,,,,,,71.1890563964844,,,,,,,,,,,,68.993782043457,,,78.6944274902344,,66.3835372924805,,,,,79.1599960327148,,,,,75.0287475585938,,,,
Nicaragua,NIC,"Tasa de alfabetización, total de jóvenes (% de personas entre 15 y 24 años)",SE.ADT.1524.LT.ZS,,,,,,,,,,,,,,,,,,,,,,,,,,,,,,,,,,,,,,,,,,87.3300018310547,,,,90.9899978637695,,,,93.6699981689453,,,,,95.3399963378906,91.57177734375,,,,,,,
Países Bajos,NLD,"Tasa de alfabetización, total de jóvenes (% de personas entre 15 y 24 años)",SE.ADT.1524.LT.ZS,,,,,,,,,,,,,,,,,,,,,,,,,,,,,,,,,,,,,,,,,,,,,,,,,,,,,,,,,,,,,,,
Noruega,NOR,"Tasa de alfabetización, total de jóvenes (% de personas entre 15 y 24 años)",SE.ADT.1524.LT.ZS,,,,,,,,,,,,,,,,,,,,,,,,,,,,,,,,,,,,,,,,,,,,,,,,,,,,,,,,,,,,,,,
Nepal,NPL,"Tasa de alfabetización, total de jóvenes (% de personas entre 15 y 24 años)",SE.ADT.1524.LT.ZS,,,,,,,,,,,,,,,,,,,,,,30.0384502410889,,,,,,,,,,49.6037216186523,,,,,,,,,,70.0536193847656,,,,,82.0999984741211,,,,,84.7571487426758,,,,,90.3300018310547,,,78.629997253418,,94.1800003051758,
Nauru,NRU,"Tasa de alfabetización, total de jóvenes (% de personas entre 15 y 24 años)",SE.ADT.1524.LT.ZS,,,,,,,,,,,,,,,,,,,,,,,,,,,,,,,,,,,,,,,,,,,,,,,,,,,,,,,,,,,,,,,
Nueva Zelandia,NZL,"Tasa de alfabetización, total de jóvenes (% de personas entre 15 y 24 años)",SE.ADT.1524.LT.ZS,,,,,,,,,,,,,,,,,,,,,,,,,,,,,,,,,,,,,,,,,,,,,,,,,,,,,,,,,,,,,,,
Miembros OCDE,OED,"Tasa de alfabetización, total de jóvenes (% de personas entre 15 y 24 años)",SE.ADT.1524.LT.ZS,,,,,,,,,,,,,,,,,,,,,,,,,,,,,,,,,,,,,,,,,,,,,98.3919219970703,98.4633331298828,98.5165786743164,,,,,,,,,,,,99.1877365112305,99.2540893554688,99.23779296875,99.2601928710938,99.2786026000977
Omán,OMN,"Tasa de alfabetización, total de jóvenes (% de personas entre 15 y 24 años)",SE.ADT.1524.LT.ZS,,,,,,,,,,,,,,,,,,,,,,,,,,,,,,,,,,,,,,,,,,,,97.2813262939453,,,,,97.6298217773438,,97.7437286376953,,,,,99.1537322998047,,98.6624374389648,98.6178283691406,,,,99.6605834960938
Otros Estados pequeos,OSS,"Tasa de alfabetización, total de jóvenes (% de personas entre 15 y 24 años)",SE.ADT.1524.LT.ZS,,,,,,,,,,,,,,,,,,,,,,,,,83.2818222045898,83.5136871337891,83.7722396850586,84.2232437133789,84.7073135375977,85.1943435668945,85.4070205688477,85.6769714355469,85.700309753418,85.8495712280273,85.8693771362305,86.006591796875,86.3893203735352,86.8375091552734,87.3578796386719,87.7151184082031,87.7873611450195,88.2809524536133,88.4696426391602,88.6280364990234,88.808837890625,89.0118103027344,88.5946197509766,88.1059036254883,88.469352722168,87.7377319335938,87.5690765380859,87.9668884277344,88.4384918212891,88.8868713378906,89.1907501220703,89.6564178466797,89.9032287597656,90.104377746582,90.1829681396484,90.3341217041016,90.5099029541016,90.5336532592773,90.6621704101562
Pakistán,PAK,"Tasa de alfabetización, total de jóvenes (% de personas entre 15 y 24 años)",SE.ADT.1524.LT.ZS,,,,,,,,,,,,,,,,,,,,,,34.7833518981934,,,,,,,,,,,,,,,,,55.3305206298828,,,,,,,65.0865783691406,69.1658020019531,66.2847137451172,71.112907409668,70.67626953125,71.2596206665039,70.7693328857422,72.5834197998047,71.6362228393555,72.7954025268555,,,74.5263824462891,71.9948425292969,72.7035598754883,,,
Panamá,PAN,"Tasa de alfabetización, total de jóvenes (% de personas entre 15 y 24 años)",SE.ADT.1524.LT.ZS,,,,,,,,,,,,,,,,,,,,,96.106201171875,,,,,,,,,,95.0867767333984,,,,,,,,,,96.0798492431641,,,,,,,,,,97.6385269165039,,,,98.0100021362305,98.2399978637695,98.7600021362305,99.0699996948242,99.0999984741211,98.879997253418,,99.25,99.3399963378906
Perú,PER,"Tasa de alfabetización, total de jóvenes (% de personas entre 15 y 24 años)",SE.ADT.1524.LT.ZS,,,,,,,,,,,,,,,,,,,,,,93.1197967529297,,,,,,,,,,,,95.3666305541992,,,,,,,97.5800018310547,97.1600036621094,96.7600021362305,96.8499984741211,97.3600006103516,97.4800033569336,97.9899978637695,97.5500030517578,97.8399963378906,98.3399963378906,98.3099975585938,98.4499969482422,98.7200012207031,98.8899993896484,98.9899978637695,99.0500030517578,98.9400024414062,99.0800018310547,99.0400009155273,99.120002746582,99.5199966430664,99.120002746582,99.3000030517578
Filipinas,PHL,"Tasa de alfabetización, total de jóvenes (% de personas entre 15 y 24 años)",SE.ADT.1524.LT.ZS,,,,,,,,,,,,,,,,,,,,,91.7889862060547,,,,,,,,,,96.5780792236328,,,,96.0367736816406,,,,,,95.0897521972656,,,95.0572128295898,,,,,97.7508010864258,,,,,98.1083526611328,,99.0826034545898,,,,98.3845062255859,99.2161483764648,,
Palau,PLW,"Tasa de alfabetización, total de jóvenes (% de personas entre 15 y 24 años)",SE.ADT.1524.LT.ZS,,,,,,,,,,,,,,,,,,,,,94.2757797241211,,,,,,,,,,,,,,,,,,,,,,,,,,,,,,,,,99.83837890625,,98.664436340332,,,,,,,
Papua Nueva Guinea,PNG,"Tasa de alfabetización, total de jóvenes (% de personas entre 15 y 24 años)",SE.ADT.1524.LT.ZS,,,,,,,,,,,,,,,,,,,,,,,,,,,,,,,,,,,,,,,,,66.6789932250977,,,,,,,,,,67.9000015258789,,,,,,,,,,,,
Polonia,POL,"Tasa de alfabetización, total de jóvenes (% de personas entre 15 y 24 años)",SE.ADT.1524.LT.ZS,,,,,,,,,,,,,,,,,,,99.7968292236328,,,,,,,,,,99.8000030517578,,,,,,,,,,,,,,,,,,,,,,,,,,,,,,,,,99.9000015258789,
previa al dividendo demográfico,PRE,"Tasa de alfabetización, total de jóvenes (% de personas entre 15 y 24 años)",SE.ADT.1524.LT.ZS,,,,,,,,,,,,,,,,,,,,,,,,,,,63.3731307983398,64.2779769897461,64.7064666748047,65.3741073608398,65.8950805664062,65.6669235229492,65.921989440918,66.2670974731445,66.7004699707031,66.7199096679688,67.1028213500977,67.5986175537109,67.5493392944336,68.3546981811523,66.1660766601562,66.940559387207,67.4874725341797,67.6171722412109,68.0412521362305,67.3816528320312,67.952522277832,65.316047668457,65.5483627319336,64.542350769043,65.5171585083008,67.5586090087891,70.5727615356445,70.139892578125,72.5557479858398,71.6882171630859,73.9228668212891,74.9690170288086,74.1073532104492,74.32958984375,74.6613311767578,75.1335906982422,75.615119934082
Puerto Rico,PRI,"Tasa de alfabetización, total de jóvenes (% de personas entre 15 y 24 años)",SE.ADT.1524.LT.ZS,,,,,,,,,,,,,,,,,,,,,93.7458572387695,,,,,,,,,,93.166877746582,,,,,,,,,,,,,,,,,,,,98.8341827392578,,,,,,,92.3898315429688,,,,92.4000015258789,
"Corea, República Popular Democrática de",PRK,"Tasa de alfabetización, total de jóvenes (% de personas entre 15 y 24 años)",SE.ADT.1524.LT.ZS,,,,,,,,,,,,,,,,,,,,,,,,,,,,,,,,,,,,,,,,,,,,,,,,,99.999641418457,,,,,,,,,,99.999641418457,,,,
Portugal,PRT,"Tasa de alfabetización, total de jóvenes (% de personas entre 15 y 24 años)",SE.ADT.1524.LT.ZS,,,,,,,,,,,,,,,,,,,,,,97.9413528442383,,,,,,,,,,99.1994934082031,,,,,,,,,,,,,,,,,,,,99.4351196289062,,,,,,,,,,99.7099990844727,
Paraguay,PRY,"Tasa de alfabetización, total de jóvenes (% de personas entre 15 y 24 años)",SE.ADT.1524.LT.ZS,,,,,,,,,,,,,,,,,,,,,,,89.5878601074219,,,,,,,,,,95.6073379516602,,,,,,,,,95.6399993896484,97.4400024414062,97.370002746582,97.2300033569336,97.879997253418,98.1399993896484,98.7200012207031,97.9000015258789,98.4800033569336,98.5500030517578,98.5199966430664,98.1800003051758,98.9000015258789,98.7099990844727,98.6500015258789,98.4400024414062,98.2600021362305,98.2799987792969,98.3600006103516,98.6399993896484,98.629997253418,99.0800018310547
Ribera Occidental y Gaza,PSE,"Tasa de alfabetización, total de jóvenes (% de personas entre 15 y 24 años)",SE.ADT.1524.LT.ZS,,,,,,,,,,,,,,,,,,,,,,,,,,,,,,,,,,,,,,97.0465698242188,,,,,,,98.952278137207,,99.0922927856445,99.0675888061523,99.1578521728516,99.2302093505859,99.2198333740234,99.3082962036133,99.2867202758789,99.348258972168,99.3655319213867,99.3415374755859,99.3774871826172,99.311767578125,99.3362503051758,99.3343963623047,99.2323532104492,,99.361213684082
Estados pequeos de las Islas del Pacfico,PSS,"Tasa de alfabetización, total de jóvenes (% de personas entre 15 y 24 años)",SE.ADT.1524.LT.ZS,,,,,,,,,,,,,,,,,,,,,,,,,,,,,,,,,,,,,,,,,,,,,,,,,,,,,,,,,,,,,,,
posterior al dividendo demográfico,PST,"Tasa de alfabetización, total de jóvenes (% de personas entre 15 y 24 años)",SE.ADT.1524.LT.ZS,,,,,,,,,,,,,,,,,,,,,,,,,,,,,,,,,,,,,,,,,,,,,,,,,,,,,,,,,,,,,,,
Polinesia Francesa,PYF,"Tasa de alfabetización, total de jóvenes (% de personas entre 15 y 24 años)",SE.ADT.1524.LT.ZS,,,,,,,,,,,,,,,,,,,,,,,,,,,,,,,,,,,,,,,,,,,,,,,,,,,,,,,,,,,,,,,
Qatar,QAT,"Tasa de alfabetización, total de jóvenes (% de personas entre 15 y 24 años)",SE.ADT.1524.LT.ZS,,,,,,,,,,,,,,,,,,,,,,,,,,,89.5429306030273,,,,,,,,,,,94.7907485961914,,,,,,,95.9207077026367,,,99.0600967407227,95.6869888305664,97.7592468261719,96.8201599121094,97.8771286010742,99.064567565918,98.9603271484375,98.7127227783203,,,,,,,,
Rumania,ROU,"Tasa de alfabetización, total de jóvenes (% de personas entre 15 y 24 años)",SE.ADT.1524.LT.ZS,,,,,,,,,,,,,,,,,,,,,,,,,,,,,,,,,99.1074600219727,,,,,,,,,,97.7614898681641,,,,,,,,,98.9956893920898,,,,,,,,,,99.9391174316406,
Federación de Rusia,RUS,"Tasa de alfabetización, total de jóvenes (% de personas entre 15 y 24 años)",SE.ADT.1524.LT.ZS,,,,,,,,,,,,,,,,,,,,,,,,,,,,,,99.719596862793,,,,,,,,,,,,,99.7246017456055,,,,,,,,99.709602355957,,,,,,,,,,,99.9181594848633,
Rwanda,RWA,"Tasa de alfabetización, total de jóvenes (% de personas entre 15 y 24 años)",SE.ADT.1524.LT.ZS,,,,,,,,,,,,,,,,,,,52.2619285583496,,,,,,,,,,,,,74.8965377807617,,,,,,,,,77.6203308105469,,,,,70.4599990844727,,,,,77.3446273803711,,,,85.0662384033203,85.0099945068359,,,86.4927673339844,,92.5,,89.9746627807617
Asia meridional,SAS,"Tasa de alfabetización, total de jóvenes (% de personas entre 15 y 24 años)",SE.ADT.1524.LT.ZS,,,,,,,,,,,,,,,,47.5391883850098,47.5168800354004,48.2485618591309,48.9313507080078,49.5899696350098,50.1071701049805,50.4550514221191,51.1541900634766,51.7525901794434,52.3436508178711,52.961311340332,53.5962715148926,54.2479515075684,54.8268585205078,56.1046104431152,57.3077697753906,58.2456283569336,59.953971862793,61.4238891601562,62.5975112915039,63.7628517150879,64.9096298217773,65.9338073730469,69.4453430175781,70.7068786621094,71.83154296875,72.8539123535156,73.9426803588867,75.1190414428711,76.1294403076172,77.1115112304688,77.0620269775391,78.223258972168,79.6871032714844,80.544677734375,82.1128005981445,82.8521881103516,83.7724990844727,85.0660781860352,85.9003219604492,86.9002838134766,88.0486907958984,88.6003494262695,88.4474182128906,91.2096405029297,91.6672134399414,92.1695938110352,92.7178115844727
Arabia Saudita,SAU,"Tasa de alfabetización, total de jóvenes (% de personas entre 15 y 24 años)",SE.ADT.1524.LT.ZS,,,,,,,,,,,,,,,,,,,,,,,,,,,,,,,,,87.8556137084961,,,,,,,,95.9131622314453,,,,95.8496932983398,,,,,,,,,99.2217712402344,,,,99.3018798828125,,,99.4984130859375,,
Sudán,SDN,"Tasa de alfabetización, total de jóvenes (% de personas entre 15 y 24 años)",SE.ADT.1524.LT.ZS,,,,,,,,,,,,,,,,,,,,,,,,,,,,,,,,,,,,,,,,,78.1555862426758,,,,,,,,65.8053512573242,,,,,,,,,,73,,,,
Senegal,SEN,"Tasa de alfabetización, total de jóvenes (% de personas entre 15 y 24 años)",SE.ADT.1524.LT.ZS,,,,,,,,,,,,,,,,,,,,,,,,,,,,,37.8661003112793,,,,,,,,,,,,,,49.1244888305664,,,46.129997253418,50.8516616821289,,,63.3523902893066,,65.7805099487305,,56.9430084228516,57.2900009155273,,,69.4784088134766,,68.2799987792969,,,78.1399993896484
Singapur,SGP,"Tasa de alfabetización, total de jóvenes (% de personas entre 15 y 24 años)",SE.ADT.1524.LT.ZS,,,,,,,,,,,,,,,,,,,,,96.2881164550781,,,,,,,,,,98.9666976928711,,,,,,,,,,99.5046005249023,,,,,,,,,,99.751823425293,99.8871994018555,99.8949432373047,99.8986129760742,99.9004669189453,99.7848968505859,99.9265823364258,99.9304428100586,99.9296264648438,99.9280471801758,99.7262496948242,99.8915328979492,
Islas Salomón,SLB,"Tasa de alfabetización, total de jóvenes (% de personas entre 15 y 24 años)",SE.ADT.1524.LT.ZS,,,,,,,,,,,,,,,,,,,,,,,,,,,,,,,,,,,,,,,,,,,,,,,,,,,,,,,,,,,,,,,
Sierra Leona,SLE,"Tasa de alfabetización, total de jóvenes (% de personas entre 15 y 24 años)",SE.ADT.1524.LT.ZS,,,,,,,,,,,,,,,,,,,,,,,,,,,,,,,,,,,,,,,,,,,,,47.9276084899902,,,,58.4200019836426,,,,,57.0221290588379,,,,,,76.5299987792969,,,73.4599990844727
El Salvador,SLV,"Tasa de alfabetización, total de jóvenes (% de personas entre 15 y 24 años)",SE.ADT.1524.LT.ZS,,,,,,,,,,,,,,,,,,,,,,,,,,,,,,,,,84.9466400146484,,,,,,,,92.4100036621094,93.5699996948242,93.2699966430664,93.3300018310547,93.8300018310547,94.9100036621094,94.9499969482422,95.4800033569336,95.9574737548828,95.6100006103516,96.0299987792969,96.5450897216797,97.1399993896484,97.2200012207031,97.7699966430664,97.9499969482422,98.0100021362305,97.9800033569336,97.9700012207031,98.3499984741211,98.5100021362305,98.0699996948242,98.2699966430664
San Marino,SMR,"Tasa de alfabetización, total de jóvenes (% de personas entre 15 y 24 años)",SE.ADT.1524.LT.ZS,,,,,,,,,,,,,,,,,,,,,,,,,,,,,,,,,,,,,,,,,,,,,,,,,,,,,,,,,,,,,,,100
Somalia,SOM,"Tasa de alfabetización, total de jóvenes (% de personas entre 15 y 24 años)",SE.ADT.1524.LT.ZS,,,,,,,,,,,,,13.1400003433228,,,,,,,,,,,,,,,,,,,,,,,,,,,,,,,,,,,,,,,,,,,,,,,,,,70.4749984741211
Serbia,SRB,"Tasa de alfabetización, total de jóvenes (% de personas entre 15 y 24 años)",SE.ADT.1524.LT.ZS,,,,,,,,,,,,,,,,,,,,,,,,,,,,,,,,,,,,,,,,,,,,99.3567962646484,,,,,,,,99.3086929321289,,,,,99.7198181152344,,,99.9994430541992,,,
África al sur del Sahara (excluido altos ingresos),SSA,"Tasa de alfabetización, total de jóvenes (% de personas entre 15 y 24 años)",SE.ADT.1524.LT.ZS,,,,,,,,,,,,,,,,,,,,,,,,,,63.1139106750488,63.5646018981934,64.2901000976562,64.6108779907227,65.2072982788086,65.7892990112305,65.8856506347656,66.0241012573242,66.3388595581055,66.6378784179688,66.6261215209961,66.9727401733398,67.4779586791992,67.5303115844727,68.2890930175781,66.5522613525391,67.2643280029297,68.5317611694336,68.8389282226562,70.0888214111328,69.0351104736328,69.589973449707,68.2512893676758,68.5245590209961,68.9844970703125,69.9216995239258,71.7248992919922,73.1466064453125,73.9955291748047,74.6840362548828,75.3113632202148,75.8480224609375,76.4905395507812,77.5441589355469,77.7534408569336,77.8943328857422,78.1201171875,78.3819580078125
Sudán del Sur,SSD,"Tasa de alfabetización, total de jóvenes (% de personas entre 15 y 24 años)",SE.ADT.1524.LT.ZS,,,,,,,,,,,,,,,,,,,,,,,,,,,,,,,,,,,,,,,,,,,,,,,,,36.702278137207,,,,,,,,,,47.9009590148926,,,,
África al sur del Sahara,SSF,"Tasa de alfabetización, total de jóvenes (% de personas entre 15 y 24 años)",SE.ADT.1524.LT.ZS,,,,,,,,,,,,,,,,,,,,,,,,,,63.1197814941406,63.5702209472656,64.2954635620117,64.6160583496094,65.212287902832,65.7941284179688,65.8904037475586,66.0286331176758,66.3431777954102,66.6420669555664,66.6302490234375,66.9767990112305,67.4819030761719,67.5342102050781,68.2927780151367,66.5560302734375,67.2678680419922,68.5350494384766,68.8420791625977,70.0917434692383,69.0380477905273,69.5927581787109,68.2541427612305,68.52734375,68.9872131347656,69.9243011474609,71.7273101806641,73.1488800048828,73.9976577758789,74.6860504150391,75.3132476806641,75.8497924804688,76.4921875,77.5456771850586,77.7548828125,77.8956985473633,78.1214218139648,78.383186340332
Pequeños Estados,SST,"Tasa de alfabetización, total de jóvenes (% de personas entre 15 y 24 años)",SE.ADT.1524.LT.ZS,,,,,,,,,,,,,,,,,,,,,,,,,,,,,87.2126312255859,87.5048980712891,87.6081924438477,87.7685394287109,87.7633972167969,87.8662033081055,87.8755111694336,88.0170669555664,88.3304061889648,88.6912612915039,89.1013336181641,89.4029998779297,89.5137710571289,89.9435195922852,90.1216125488281,90.2702865600586,90.4285888671875,90.5995025634766,90.2840805053711,89.9889297485352,90.2539367675781,89.7099685668945,89.5627822875977,89.8574829101562,90.1874008178711,90.5811080932617,90.8024291992188,91.1313171386719,91.3117294311523,91.455451965332,91.5119934082031,91.6465225219727,91.767219543457,91.801643371582,91.8985366821289
Santo Tomé y Príncipe,STP,"Tasa de alfabetización, total de jóvenes (% de personas entre 15 y 24 años)",SE.ADT.1524.LT.ZS,,,,,,,,,,,,,,,,,,,,,,82.3992233276367,,,,,,,,,,93.8499603271484,,,,,,,,,,95.4154586791992,,,,,,,80.2031631469727,,,,96.7384033203125,,,,,,,67.5899963378906,,,98.1800003051758
Suriname,SUR,"Tasa de alfabetización, total de jóvenes (% de personas entre 15 y 24 años)",SE.ADT.1524.LT.ZS,,,,,,,,,,,,,,,,,,,,,,,,,,,,,,,,,,,,,,,,,,,,,94.8811416625977,,,,99.4164199829102,,98.3766403198242,,97.6679000854492,,,,,,,,,98.9000015258789,
República Eslovaca,SVK,"Tasa de alfabetización, total de jóvenes (% de personas entre 15 y 24 años)",SE.ADT.1524.LT.ZS,,,,,,,,,,,,,,,,,,,,,,,,,,,,,,,,,,,,,,,,,,,,,,,,,,,,,,,,,,,,,,,
Eslovenia,SVN,"Tasa de alfabetización, total de jóvenes (% de personas entre 15 y 24 años)",SE.ADT.1524.LT.ZS,,,,,,,,,,,,,,,,,,,,,,,,,,,,,,,,99.7577362060547,,,,,,,,,,99.8000030517578,,,,,,,,,,,,,,,,,,,,,
Suecia,SWE,"Tasa de alfabetización, total de jóvenes (% de personas entre 15 y 24 años)",SE.ADT.1524.LT.ZS,,,,,,,,,,,,,,,,,,,,,,,,,,,,,,,,,,,,,,,,,,,,,,,,,,,,,,,,,,,,,,,
Eswatini,SWZ,"Tasa de alfabetización, total de jóvenes (% de personas entre 15 y 24 años)",SE.ADT.1524.LT.ZS,,,,,,,,,,,,,,,,,75.4524383544922,,,,,,,,,,83.7482376098633,,,,,,,,,,,,,,91.8632431030273,,,,,,91.4099960327148,,,,93.5022964477539,,,,,,,,,,95.8899993896484,,
Sint Maarten (Dutch part),SXM,"Tasa de alfabetización, total de jóvenes (% de personas entre 15 y 24 años)",SE.ADT.1524.LT.ZS,,,,,,,,,,,,,,,,,,,,,,,,,,,,,,,,,,,,,,,,,,,,,,,,,,,,,,,,,,,,,,,
Seychelles,SYC,"Tasa de alfabetización, total de jóvenes (% de personas entre 15 y 24 años)",SE.ADT.1524.LT.ZS,,,,,,,,,,,,,,,,,,,,,,,,,,,,97.6499862670898,,,,,,,98.8133087158203,,,,,,,,99.0647735595703,,,,,,,,98.9713363647461,,,,,,,,,,99.0999984741211,,
República Árabe Siria,SYR,"Tasa de alfabetización, total de jóvenes (% de personas entre 15 y 24 años)",SE.ADT.1524.LT.ZS,,,,,,,,,,,,,,,,,,,,,,74.2763977050781,,,,,,,,,,,,,,,,,,,,,95.1888275146484,,92.4538116455078,,,,,,,,,,96.0999984741211,,,,,,,98.3911285400391,
Islas Turcas y Caicos,TCA,"Tasa de alfabetización, total de jóvenes (% de personas entre 15 y 24 años)",SE.ADT.1524.LT.ZS,,,,,,,,,,,,,,,,,,,,,,,,,,,,,,,,,,,,,,,,,,,,,,,,,,,,,,,,,,,,,,,
Chad,TCD,"Tasa de alfabetización, total de jóvenes (% de personas entre 15 y 24 años)",SE.ADT.1524.LT.ZS,,,,,,,,,,,,,,,,,,,,,,,,,,,,,,,,,,17.3473796844482,,,,,,,37.5573501586914,,,,41.6731185913086,,,,,,,,,,,38.7724189758301,30.7916107177734,,,31.75,,,36.0699996948242
Asia oriental y el Pacífico (BIRF y la AIF),TEA,"Tasa de alfabetización, total de jóvenes (% de personas entre 15 y 24 años)",SE.ADT.1524.LT.ZS,,,,,,,,,,,,,,,,,82.943000793457,83.1112213134766,84.4264678955078,85.7720413208008,87.0000228881836,88.111328125,88.9909286499023,89.7703323364258,90.4838790893555,91.0494766235352,91.5161972045898,92.6415481567383,93.9306106567383,94.1078720092773,94.258056640625,94.4467468261719,94.6155319213867,94.7511825561523,95.0020370483398,95.2647933959961,95.4841613769531,97.7270812988281,97.8211135864258,97.8729629516602,97.8824462890625,97.9481887817383,98.0261383056641,98.1497268676758,98.23291015625,98.3164520263672,98.1190567016602,98.4897766113281,98.8590316772461,98.8176574707031,98.8011474609375,98.3838424682617,98.4262313842773,98.4631729125977,98.6623611450195,98.7243118286133,98.7447509765625,98.7719802856445,98.7140274047852,99.0702209472656,99.1054763793945,99.1333084106445,99.1555786132812
Europa y Asia central (BIRF y la AIF),TEC,"Tasa de alfabetización, total de jóvenes (% de personas entre 15 y 24 años)",SE.ADT.1524.LT.ZS,,,,,,,,,,,,,,,,,,,,,,,,97.9594192504883,98.4157028198242,98.3747329711914,98.4000015258789,98.4136962890625,98.4354934692383,98.4410095214844,98.4720764160156,98.5086669921875,98.5488433837891,98.5845413208008,98.6397705078125,98.6722717285156,98.7102813720703,98.740837097168,98.8011932373047,98.786003112793,98.9291687011719,98.9599914550781,98.9856567382812,98.9831008911133,98.9393920898438,99.0209579467773,99.0214385986328,99.0491333007812,99.0955963134766,99.3714218139648,99.4466094970703,99.5336227416992,99.5870971679688,99.6294479370117,99.6587600708008,99.6856079101562,99.7321090698242,99.7656097412109,99.8344421386719,99.8575592041016,99.8660507202148,99.8736114501953,99.8781204223633
Togo,TGO,"Tasa de alfabetización, total de jóvenes (% de personas entre 15 y 24 años)",SE.ADT.1524.LT.ZS,,,,,,,,,,,,,,,,,,,,,,,,,,,,,,,,,,,,,,,,,74.439567565918,,,,,,76.4529418945312,,,81.7359924316406,,79.8859100341797,,,79.6599960327148,84.2901077270508,,,,87.8914413452148,,,
Tailandia,THA,"Tasa de alfabetización, total de jóvenes (% de personas entre 15 y 24 años)",SE.ADT.1524.LT.ZS,,,,,,,,,,,,,,,,,,,,,96.8673477172852,,,,,,,,,,,,,,,,,,,,97.9753875732422,,,,,98.0509033203125,,,,,96.5975723266602,,,98.3138809204102,,98.1466293334961,,,98.1371688842773,,,98.8000030517578,
Tayikistán,TJK,"Tasa de alfabetización, total de jóvenes (% de personas entre 15 y 24 años)",SE.ADT.1524.LT.ZS,,,,,,,,,,,,,,,,,,,,,,,,,,,,,,99.7035827636719,,,,,,,,,,,99.8470611572266,,,,,,,,,,99.9000015258789,,,,,,,98.8099975585938,,,,,
Turkmenistán,TKM,"Tasa de alfabetización, total de jóvenes (% de personas entre 15 y 24 años)",SE.ADT.1524.LT.ZS,,,,,,,,,,,,,,,,,,,,,,,,,,,,,,,,,,,,99.810417175293,,,,,,,,,,99.8000030517578,,,,,,,,,,,,,,,,,
América Latina y el Caribe (BIRF y la AIF),TLA,"Tasa de alfabetización, total de jóvenes (% de personas entre 15 y 24 años)",SE.ADT.1524.LT.ZS,,,,,,,,,,,,,,,87.3156204223633,87.328727722168,87.5973587036133,87.8772201538086,88.1718368530273,88.3556213378906,88.4340667724609,88.622673034668,88.7935485839844,88.9718322753906,89.1538009643555,89.3431396484375,89.5135192871094,89.6917724609375,90.0092086791992,90.3591995239258,90.6483764648438,91.3011169433594,91.9458312988281,92.5726318359375,93.1868896484375,93.8044815063477,94.1435089111328,94.2738800048828,94.5294189453125,94.7573165893555,94.9778823852539,95.1298370361328,95.5259704589844,96.2852401733398,96.4116897583008,96.5868606567383,96.7328567504883,96.9869384765625,97.1197280883789,97.4121627807617,97.2854080200195,97.7068176269531,97.8733367919922,97.8373489379883,98.1764984130859,98.2667465209961,98.3975524902344,98.3891296386719,98.4680099487305,98.5076599121094,98.5000991821289,98.5524673461914,98.6060791015625
Timor-Leste,TLS,"Tasa de alfabetización, total de jóvenes (% de personas entre 15 y 24 años)",SE.ADT.1524.LT.ZS,,,,,,,,,,,,,,,,,,,,,,,,,,,,,,,,,,,,,,,,,,,,,,,,,,85.6399993896484,79.528678894043,,,,,,,,,,85.0999984741211,,
Oriente Medio y Norte de África (BIRF y la AIF),TMN,"Tasa de alfabetización, total de jóvenes (% de personas entre 15 y 24 años)",SE.ADT.1524.LT.ZS,,,,,,,,,,,,,55.3319396972656,55.9971199035645,56.6725807189941,57.4675788879395,58.2063217163086,59.2856712341309,60.2271614074707,61.003059387207,62.0298194885254,63.0946083068848,64.1316833496094,65.3777465820312,66.8301086425781,68.2929382324219,69.8033828735352,70.9233779907227,72.1470184326172,73.2602767944336,75.6229476928711,77.2156295776367,78.3024597167969,78.0635833740234,79.0035095214844,80.3068008422852,81.3218307495117,82.1827163696289,82.8135299682617,83.6336975097656,84.3951721191406,85.2733612060547,86.2364501953125,87.3996887207031,87.9774398803711,88.4430465698242,88.436882019043,89.1349411010742,89.9282379150391,87.282096862793,87.5427398681641,87.4919967651367,91.5603790283203,89.0839920043945,93.0512084960938,89.3871307373047,91.9458618164062,92.597770690918,88.3527069091797,88.6495971679688,88.9377670288086,89.2119827270508,89.4300994873047
Tonga,TON,"Tasa de alfabetización, total de jóvenes (% de personas entre 15 y 24 años)",SE.ADT.1524.LT.ZS,,,,,,,,,,,,,,,,,99.8192672729492,,,,,,,,,,,,,,,,,,,,99.3087387084961,,,,,,,,,,99.4247589111328,,,,,99.4370269775391,,,,,,,,,,99.4000015258789,
Asia meridional (BIRF y la AIF),TSA,"Tasa de alfabetización, total de jóvenes (% de personas entre 15 y 24 años)",SE.ADT.1524.LT.ZS,,,,,,,,,,,,,,,,47.5391883850098,47.5168800354004,48.2485618591309,48.9313507080078,49.5899696350098,50.1071701049805,50.4550514221191,51.1541900634766,51.7525901794434,52.3436508178711,52.961311340332,53.5962715148926,54.2479515075684,54.8268585205078,56.1046104431152,57.3077697753906,58.2456283569336,59.953971862793,61.4238891601562,62.5975112915039,63.7628517150879,64.9096298217773,65.9338073730469,69.4453430175781,70.7068786621094,71.83154296875,72.8539123535156,73.9426803588867,75.1190414428711,76.1294403076172,77.1115112304688,77.0620269775391,78.223258972168,79.6871032714844,80.544677734375,82.1128005981445,82.8521881103516,83.7724990844727,85.0660781860352,85.9003219604492,86.9002838134766,88.0486907958984,88.6003494262695,88.4474182128906,91.2096405029297,91.6672134399414,92.1695938110352,92.7178115844727
África al sur del Sahara (BIRF y la AIF),TSS,"Tasa de alfabetización, total de jóvenes (% de personas entre 15 y 24 años)",SE.ADT.1524.LT.ZS,,,,,,,,,,,,,,,,,,,,,,,,,,63.1197814941406,63.5702209472656,64.2954635620117,64.6160583496094,65.212287902832,65.7941284179688,65.8904037475586,66.0286331176758,66.3431777954102,66.6420669555664,66.6302490234375,66.9767990112305,67.4819030761719,67.5342102050781,68.2927780151367,66.5560302734375,67.2678680419922,68.5350494384766,68.8420791625977,70.0917434692383,69.0380477905273,69.5927581787109,68.2541427612305,68.52734375,68.9872131347656,69.9243011474609,71.7273101806641,73.1488800048828,73.9976577758789,74.6860504150391,75.3132476806641,75.8497924804688,76.4921875,77.5456771850586,77.7548828125,77.8956985473633,78.1214218139648,78.383186340332
Trinidad y Tobago,TTO,"Tasa de alfabetización, total de jóvenes (% de personas entre 15 y 24 años)",SE.ADT.1524.LT.ZS,,,,,,,,,,,,,,,,,,,,,99.2193984985352,,,,,,,,,,99.3000030517578,,,,,,,,,,99.4000015258789,,,,,,,,,,,,,,,,,,,,,,
Túnez,TUN,"Tasa de alfabetización, total de jóvenes (% de personas entre 15 y 24 años)",SE.ADT.1524.LT.ZS,,,,,,,,,,,,,,,,,,,,,,,,,74.2841186523438,,,,,,,,,,,,,,,,,,,,94.338981628418,,,96.299690246582,96.8184967041016,,97.1717224121094,97.304443359375,96.8649978637695,,96.209098815918,,,,94.870002746582,96.8313827514648,,,
Turquía,TUR,"Tasa de alfabetización, total de jóvenes (% de personas entre 15 y 24 años)",SE.ADT.1524.LT.ZS,,,,,,,,,,,,,,,,80.0549163818359,,,,,84.6910781860352,,,,,90.9014205932617,,,,,92.5436630249023,,,,,,,,,,,,,,95.6035003662109,96.1185531616211,96.1815032958984,96.3623504638672,,97.8074722290039,98.2245864868164,98.7093505859375,99.0160217285156,99.2274322509766,99.3584823608398,99.4943923950195,99.6213607788086,99.7508697509766,,99.9071502685547,,,
Tuvalu,TUV,"Tasa de alfabetización, total de jóvenes (% de personas entre 15 y 24 años)",SE.ADT.1524.LT.ZS,,,,,,,,,,,,,,,,,,,,,,,,,,,,,,,,,,,,,,,,,,,,,,,,,,,,,,,,,,,,,,,
Tanzanía,TZA,"Tasa de alfabetización, total de jóvenes (% de personas entre 15 y 24 años)",SE.ADT.1524.LT.ZS,,,,,,,,,,,,,,,,,,,,,,,,,,,,,81.753303527832,,,,,,,,,,,,,,78.3960494995117,,,,,,,,74.5605163574219,,85.9400024414062,,,85.7551422119141,,,,,,,88.4000015258789
Uganda,UGA,"Tasa de alfabetización, total de jóvenes (% de personas entre 15 y 24 años)",SE.ADT.1524.LT.ZS,,,,,,,,,,,,,,,,,,,,,,,,,,,,,,,,69.8007888793945,,,,,,,,,,,80.7911605834961,,,,84.0656509399414,,,,87.4088287353516,,83.6588821411133,,,,,,89.3963088989258,,,,91.8300018310547
Ucrania,UKR,"Tasa de alfabetización, total de jóvenes (% de personas entre 15 y 24 años)",SE.ADT.1524.LT.ZS,,,,,,,,,,,,,,,,,,,,,,,,,,,,,,,,,,,,,,,,,,99.8048629760742,,,,,,,,,,,99.9697570800781,,,,,,,,,99.9000015258789,
Ingreso mediano alto,UMC,"Tasa de alfabetización, total de jóvenes (% de personas entre 15 y 24 años)",SE.ADT.1524.LT.ZS,,,,,,,,,,,,,,,,,85.2451171875,85.4606628417969,86.4781799316406,87.4912033081055,88.383903503418,89.2176818847656,89.8823928833008,90.4801406860352,91.0969009399414,91.5162506103516,91.9151611328125,92.7112731933594,93.7672729492188,93.9625930786133,94.148193359375,94.4789962768555,94.7490768432617,95.0084381103516,95.2779388427734,95.5467910766602,95.7570037841797,97.4732284545898,97.5857391357422,97.6808700561523,97.7513427734375,97.8349609375,97.976188659668,98.1949615478516,98.2936172485352,98.3838882446289,98.2584915161133,98.4772033691406,98.774772644043,98.3963623046875,98.3806304931641,98.4094085693359,98.9413375854492,98.433479309082,99.1670684814453,98.5174713134766,99.2408828735352,99.2077865600586,98.4284896850586,98.5448684692383,98.5488433837891,98.5211029052734,98.5198211669922
Uruguay,URY,"Tasa de alfabetización, total de jóvenes (% de personas entre 15 y 24 años)",SE.ADT.1524.LT.ZS,,,,,,,,,,,,,,,,98.2962265014648,,,,,,,,,,98.6286087036133,,,,,,,,,,,98.5802383422852,,,,,,,,,,98.712516784668,98.7591400146484,98.9000015258789,98.9700012207031,98.7699966430664,98.8499984741211,98.9599990844727,98.9300003051758,98.8399963378906,98.9300003051758,99.1500015258789,98.9300003051758,98.870002746582,99.0199966430664,,99.1800003051758,99.129997253418
Estados Unidos,USA,"Tasa de alfabetización, total de jóvenes (% de personas entre 15 y 24 años)",SE.ADT.1524.LT.ZS,,,,,,,,,,,,,,,,,,,,,,,,,,,,,,,,,,,,,,,,,,,,,,,,,,,,,,,,,,,,,,,
Uzbekistán,UZB,"Tasa de alfabetización, total de jóvenes (% de personas entre 15 y 24 años)",SE.ADT.1524.LT.ZS,,,,,,,,,,,,,,,,,,,,,,,,,,,,,,,,,,,,,,,,,99.8743515014648,,,,,,,,,,,,,99.9999313354492,99.9999618530273,99.9999618530273,99.9999313354492,,99.9999389648438,99.9999237060547,,99.9999237060547,99.9999084472656
San Vicente y las Granadinas,VCT,"Tasa de alfabetización, total de jóvenes (% de personas entre 15 y 24 años)",SE.ADT.1524.LT.ZS,,,,,,,,,,,97.9629211425781,,,,,,,,,,98.6999969482422,,,,,,,,,,,,,,,,,,,,,,,,,,,,,,,,,,,,,,,,,,
Venezuela,VEN,"Tasa de alfabetización, total de jóvenes (% de personas entre 15 y 24 años)",SE.ADT.1524.LT.ZS,,,,,,,,,,,,,,,,,,,,,,93.1117630004883,,,,,,,,,95.4390335083008,,,,,,,,,,97.5599975585938,97.6100006103516,97.7799987792969,97.8199996948242,98.129997253418,98.0699996948242,98.2900009155273,98.4000015258789,98.4599990844727,98.5299987792969,98.4599990844727,98.6100006103516,98.8099975585938,98.7399978637695,98.879997253418,99.0076293945312,98.7595062255859,,,,,,98.7300033569336
Islas Vírgenes Británicas,VGB,"Tasa de alfabetización, total de jóvenes (% de personas entre 15 y 24 años)",SE.ADT.1524.LT.ZS,,,,,,,,,,,,,,,,,,,,,,,,,,,,,,,,,,,,,,,,,,,,,,,,,,,,,,,,,,,,,,,
Islas Vírgenes (EE.UU.),VIR,"Tasa de alfabetización, total de jóvenes (% de personas entre 15 y 24 años)",SE.ADT.1524.LT.ZS,,,,,,,,,,,,,,,,,,,,,,,,,,,,,,,,,,,,,,,,,,,,,,,,,,,,,,,,,,,,,,,
Viet Nam,VNM,"Tasa de alfabetización, total de jóvenes (% de personas entre 15 y 24 años)",SE.ADT.1524.LT.ZS,,,,,,,,,,,,,,,,,,,,95.0251235961914,,,,,,,,,,93.734260559082,,,,,,,,,,94.5296401977539,94.8365097045898,,,,,,,,,97.091667175293,,,,,,,,,,98.6254577636719,,,99.0480804443359
Vanuatu,VUT,"Tasa de alfabetización, total de jóvenes (% de personas entre 15 y 24 años)",SE.ADT.1524.LT.ZS,,,,,,,,,,,,,,,,,,,,71.8295974731445,,,,,77.1999969482422,,,,,,,,,,86.0999984741211,,,,,,,,,,91.8000030517578,,,,,,,,,,95.3000030517578,,,,,,,96.9000015258789,
Mundo,WLD,"Tasa de alfabetización, total de jóvenes (% de personas entre 15 y 24 años)",SE.ADT.1524.LT.ZS,,,,,,,,,,,,,,,,77.0938186645508,77.1045608520508,77.2574691772461,77.8232727050781,78.4385528564453,78.9328308105469,79.3836822509766,79.8131408691406,80.1573333740234,80.609489440918,81.0199432373047,81.4028091430664,82.0483703613281,82.6259613037109,82.8821563720703,83.1846389770508,83.3776016235352,83.7077865600586,83.9588012695312,84.2029495239258,84.4533767700195,84.6905822753906,85.5267868041992,86.3153610229492,86.6315002441406,86.630729675293,86.9561004638672,87.4369735717773,87.9003677368164,88.3321304321289,88.464973449707,88.4365997314453,88.6412811279297,89.1079788208008,89.1666793823242,89.5829391479492,89.8292617797852,90.4059829711914,90.6080780029297,91.1178894042969,91.1630325317383,91.5806427001953,91.7667922973633,91.5552825927734,92.3955993652344,92.4751892089844,92.5896606445312,92.7330093383789
Samoa,WSM,"Tasa de alfabetización, total de jóvenes (% de personas entre 15 y 24 años)",SE.ADT.1524.LT.ZS,,,,,,,,,,,,,,,,,,,,,,,,,,,,,,,,99.0444412231445,,,,,,,,,,,,,,,,,,,,99.2356567382812,,,,,,,,98.5099945068359,,99.0999984741211,
Kosovo,XKX,"Tasa de alfabetización, total de jóvenes (% de personas entre 15 y 24 años)",SE.ADT.1524.LT.ZS,,,,,,,,,,,,,,,,,,,,,,,,,,,,,,,,,,,,,,,,,,,,,,,,,,,,,,,,,,,,,,,
"Yemen, Rep. del",YEM,"Tasa de alfabetización, total de jóvenes (% de personas entre 15 y 24 años)",SE.ADT.1524.LT.ZS,,,,,,,,,,,,,,,,,,,,,,,,,,,,,,,,,,,60.2221412658691,,,,,,,,,,77,,,,,,,,,,,,,,,,,,
Sudáfrica,ZAF,"Tasa de alfabetización, total de jóvenes (% de personas entre 15 y 24 años)",SE.ADT.1524.LT.ZS,,,,,,,,,,,,,,,,,,,,,85.1658477783203,,,,,,,,,,,,,,,,93.9051513671875,,,,,,,,,,,97.5707778930664,,98.3650894165039,98.6441268920898,98.7896575927734,98.8820419311523,,98.8822784423828,98.9557800292969,,95.3238220214844,,98.4095306396484,,96.6959228515625,
Zambia,ZMB,"Tasa de alfabetización, total de jóvenes (% de personas entre 15 y 24 años)",SE.ADT.1524.LT.ZS,,,,,,,,,,,,,,,,,,,,,,,,,,,,,,,66.3811569213867,,,,,,,,,69.4572219848633,,,69.0888137817383,,,,,64.0496368408203,,,88.7145614624023,,,,,,,,,,93.1999969482422,,
Zimbabwe,ZWE,"Tasa de alfabetización, total de jóvenes (% de personas entre 15 y 24 años)",SE.ADT.1524.LT.ZS,,,,,,,,,,,,,,,,,,,,,,,89.0218505859375,,,,,,,,,,95.4113616943359,,,,,,,,,,,,,,,,,,,90.9307022094727,,,90.4281234741211,,,,,83.7200012207031,,,90.8600006103516
